name,age,street,city,state,zip,lng,lat
Lisa Thomas,31,63366 Gabriel Key Suite 813,East Pamelaside,Maine,81977,39.086669,29.9560855
Mark Simpson,23,4014 Rachel Forest Suite 110,New Laurie,Oregon,58291,-19.695933,-13.269245
Alexander Nguyen,24,6988 Michael Parks,North Jared,South Dakota,21694,112.297186,68.3286295
Lisa Levine,64,55703 Hannah Villages Suite 462,Johnsonshire,Maine,54301,30.178638,8.878870
Brianna Ramos,39,4396 Erin View,Jameschester,Montana,09685,-139.749328,67.0518255
Charles Malone,44,3201 Christopher Mills,Annetteburgh,New Hampshire,92945,-56.441571,77.405648
Luke Burns,51,53371 Philip Mountains Apt. 754,Port Brendan,Arizona,19038,22.074176,19.495947
Amy King,45,373 Myers Hill Apt. 102,West Robert,Hawaii,12809,-0.945706,-47.1345615
Jerry Reed,36,03361 Carlos Lane,Mooreshire,South Carolina,54042,118.237378,85.229497
Sandra Martin,70,36897 Elizabeth Haven Apt. 163,South Kevin,Michigan,82080,-38.107109,-88.582868
Anna King,21,7923 Kathryn Crest Suite 164,West Wendystad,Illinois,76288,-34.772982,59.618204
Donald Villanueva,47,28537 Myers Club Suite 773,East Barbarachester,Georgia,97642,-136.280658,-63.684291
Wendy Ford,37,994 Kathryn Island,Amyville,Texas,09134,136.265798,-76.052211
Daniel Williams,79,63607 Rachel Rest Suite 842,Breannamouth,Connecticut,78414,-39.466990,75.2314905
John Ford,45,191 Russell Brooks Apt. 695,Oneilltown,Nevada,70959,164.829084,-16.740134
Diana White,59,400 Matthew Gardens,West Jacquelinebury,Nevada,91494,170.001304,43.050516
Karen Wheeler,27,4238 Wood Glen,North William,Oregon,29150,27.157330,-43.5482415
Gabriel Hall,48,82712 Baldwin Passage Suite 528,South Danielle,Tennessee,69910,168.582621,-66.7635505
Jamie Maynard,34,5506 Tyler Branch,Baileyfurt,Virginia,12379,152.817842,-83.6584935
Tammy Smith,73,13464 Michael Curve Suite 483,Williamsfurt,Iowa,73623,71.841966,63.897219
Noah Rose,24,5448 Harris Oval Apt. 751,North Nicoleville,Kentucky,23684,156.665363,-20.439058
Sheena Mitchell,64,890 Timothy Ferry Suite 665,Cruzborough,Georgia,10997,154.166965,61.140489
Erika Jones,28,1576 Alexander Via Suite 586,South Adam,Pennsylvania,52800,-114.965145,0.8330655
Lance Wright,65,6773 Karen Landing,Port Christopher,Georgia,60914,3.677139,-79.1655475
Matthew Wilson,57,2673 Amanda Common,New Arianamouth,Oklahoma,31410,-178.358638,1.001868
Cheryl Lutz,63,12071 Wagner Meadows,Julieton,New Jersey,53649,88.718814,1.8066535
Deborah Chavez,61,028 Jacqueline Gardens,Daltonstad,Vermont,38868,-136.055046,-81.420004
Melissa Allen,34,35733 Bolton Coves Suite 668,Larrymouth,Pennsylvania,63183,53.704922,57.3976455
Kimberly Walls,51,14633 Cummings Turnpike,Griffinborough,Arkansas,39118,-2.638424,-52.7248215
Thomas Rivas,31,630 Burns Camp,Hendersonside,Arkansas,04942,169.591963,54.2739525
Benjamin Campbell,54,77533 Williams Coves,Laurenburgh,Kentucky,50059,56.960056,44.030690
John Mitchell,23,222 William Course,Hicksborough,Vermont,25203,-22.228934,-21.385121
Matthew Vega,33,9833 Norton Knolls,Pamelamouth,Montana,37964,-114.043402,48.287934
Ashley Davis,78,79692 Carter Center,South Cynthiabury,South Dakota,17655,69.621374,67.820150
Sarah Hines,71,30554 Foster Turnpike Suite 157,Port William,Missouri,63841,-29.392615,-55.234017
Adrienne Higgins,37,2164 Thompson Mountains,Lake Joshua,Indiana,59996,-131.495843,-51.4730595
Anthony Ramirez,28,032 Smith Squares,Melissatown,Oregon,14225,-34.805916,10.2858205
Derek Bryant,53,983 Miller Freeway,Piercetown,Michigan,39985,43.010066,73.642797
Theresa Lara,41,7976 Hunter Square Suite 941,Ortegaport,Ohio,87018,51.385370,65.725512
Chad Smith,19,130 Martin Mill Apt. 191,West Jennybury,Hawaii,12999,120.949555,-5.323192
Michael Jackson,71,278 Wilson Key,South Gary,West Virginia,91721,7.163058,28.0723005
Samantha Hardy,54,5326 Murphy Street,New Nicolechester,New Mexico,08230,-54.901756,-83.8179785
Stacey Williams,46,71899 Hill Island Suite 929,Lake Jacob,New Mexico,27125,57.377927,29.814902
Michael Thompson,29,9431 Tate Tunnel Suite 034,New Kellyberg,Iowa,83664,-17.516570,-89.1490085
Mr. Samuel Vaughn,46,4123 Sanders Village,Lake Margaret,Texas,92254,-2.966485,-44.7476155
Danielle West,46,6129 Patrick Brooks Suite 101,Dillonfurt,Louisiana,68694,-14.498141,-33.0904005
Anita Cherry,59,428 Glen Tunnel,Bendermouth,Ohio,93491,-48.269039,-82.013274
Molly Snyder,38,31969 Michael Lake Apt. 463,Kellyville,Alaska,12559,119.676654,-54.1278145
Monica Wright,53,37192 Willie Station Apt. 227,Port Briantown,Connecticut,42115,177.308378,-45.050991
Sarah Williams,67,110 Vang Mission Suite 268,Andreaville,Vermont,02429,16.877789,-51.7603765
Randall Roberts,35,6799 Alex Radial Suite 019,North Robertport,Louisiana,46827,-13.469142,67.2680875
Brett Duarte,73,77222 Kyle Springs,Lowefurt,California,49511,-73.711760,47.180823
Rebecca Williams,77,08323 Kelly Mills,Taylorview,Arkansas,21395,43.120196,88.445150
James Macdonald,18,888 Foster Inlet,New Rachelbury,Virginia,68429,-62.337357,61.1417565
Michael Martinez,68,297 Garcia Knoll Apt. 036,Nicoleton,Massachusetts,02448,-126.456148,-31.718637
Cathy Collins,73,46120 Cynthia Coves Suite 180,New Richardport,South Dakota,49673,-120.668512,-32.274024
Erica Sanchez,23,4011 Jackson Branch,Cathyshire,New Mexico,32153,-78.482663,-30.6469535
Robert Wallace,56,8623 Blackburn Crossroad,East Steven,New York,77266,165.315013,-46.422143
Bobby Stone,19,26018 Angela Shoals Suite 135,Port Joseph,Missouri,13225,35.930340,-4.079463
Lee Gonzalez,65,685 Sydney Shoal Suite 746,Chanstad,Mississippi,42654,-177.412657,-28.639462
David Perez,34,5675 Cooper Ports Suite 768,West Kristin,Ohio,48411,-85.804551,-58.2233565
Lisa Johnson MD,72,4232 West Brooks Apt. 651,Lake Christopherton,Texas,24604,-177.673267,23.814309
Megan Taylor,74,609 Thomas Light Suite 216,Janeland,New Hampshire,92075,-95.205456,89.8076435
Amanda Newman,43,9297 Velasquez Mews Apt. 178,Port Kristieton,Arkansas,63844,80.620730,30.6219705
Brian Anderson,45,016 Bush Ports Suite 858,Marquezside,New Hampshire,54997,-154.952477,77.3853985
Harold Payne,19,035 Robert Oval Apt. 268,Taylorview,New York,39871,-148.774393,55.157343
Samuel Wade,51,28357 Dawn Villages,New Lindaberg,Massachusetts,80335,-126.056437,37.5670555
Timothy Sharp,72,0083 Karen Rest Apt. 010,Andrewport,Alaska,84657,175.801454,60.1184825
John Avila,72,0161 Macias View Suite 328,East Stephanieside,Kansas,93638,134.314320,-27.739095
Sandy Hines,70,92548 Calderon Stravenue Suite 269,Nortontown,Florida,71390,-78.136728,73.3299065
Jeffrey Guerrero,40,57427 Olson Wall,South Victoria,California,38305,0.718417,-55.370949
Lori Wagner,63,0078 David Stravenue Suite 910,South Angela,Kentucky,08910,-94.827776,88.563843
Steven Joseph,36,0369 Miller Grove,New Abigail,Utah,54015,21.311432,43.0782915
Jason Craig,62,3036 Day Inlet Suite 929,East Timothy,Massachusetts,86423,-175.697396,-45.2210515
Debra Jackson,20,950 Byrd Corner,East Bruce,Arkansas,28844,63.258740,88.938829
John Jackson,33,5895 Joshua Forest,New Michaelville,Michigan,97549,3.240185,31.8394285
Kathy Jackson,54,3051 Linda Stravenue Suite 321,Port Michael,Wyoming,43168,31.865267,-21.3477005
Vanessa Ortega,59,128 Jeremy Plains Suite 896,Shanemouth,Louisiana,72489,130.813753,9.3396895
Richard Raymond,78,09054 Trujillo Pike,North Kevin,Connecticut,86247,-6.449921,35.7553995
Nicholas Williams,60,28875 Berg Lodge Apt. 073,Port Donna,Arizona,26090,-92.314270,-31.4481215
Kenneth Myers,73,32462 Stacey Center Apt. 657,Wattshaven,Nebraska,30544,12.642244,-53.243565
Jamie Green,65,05650 Amanda Plaza Suite 677,North Jill,Pennsylvania,53895,-138.435798,-60.765451
Veronica Lee,63,889 Patricia Cliffs,Davidchester,Oregon,64420,-97.104679,12.348930
Judy Wallace,70,83051 Noble Via Apt. 028,Adamschester,Mississippi,31799,174.180984,37.378338
Ashley Johnson,79,6170 Miller Cape,Cartershire,Idaho,21957,-8.078199,15.5068225
Gary Ortiz,39,02581 Alvarado Falls Apt. 603,North Justinland,Mississippi,86577,-118.587180,-9.0582835
Douglas Cox,79,819 Jeremy Rest Apt. 233,Lake Dustinstad,Alaska,71336,-98.444243,-62.295774
Michael Young,37,22878 Wendy Burgs Apt. 617,East Johnmouth,Ohio,35133,-98.283410,63.4755925
Chad Austin,50,0844 Copeland Green Suite 877,New Chaseland,New Hampshire,12752,-141.963304,61.3963335
Danny Figueroa DDS,61,516 Lori Row Suite 548,Amymouth,South Dakota,75045,102.844988,-4.320762
Kerry Goodman,66,0018 Michael Row Apt. 466,West Donna,Arkansas,03905,179.288571,-54.0779135
Tyler Martinez,37,76025 Vanessa Squares Suite 108,East Ryanton,New Hampshire,55836,-154.444542,-32.121554
Erin Jackson,28,631 Charles Row Suite 444,North Victor,Nevada,28568,175.162916,-45.4878675
Erin Martin,41,1243 Carr Common,West Elizabeth,New York,62768,-68.207832,18.4198085
Tiffany Newton,31,4471 Jones Expressway,West Victoria,Mississippi,19198,-140.241753,-78.296023
Laura Carter,72,499 Julie Ways,West Crystalmouth,Mississippi,53904,-80.346094,79.9571285
Jon Butler,48,637 White Mountain,South Denise,South Carolina,13287,-137.365384,22.597163
Courtney Anderson,42,0538 Edwards Bridge Suite 323,Lauramouth,Maine,46609,-111.290170,57.6211265
Emily Hancock,72,356 Emily Drive Apt. 629,New Michaelton,Arkansas,71534,83.217594,6.850813
Troy Martinez,49,72178 Ashley River,Lake Loganland,Rhode Island,38710,-27.696978,24.2295845
Holly Gray,69,318 Ferrell Drive,South Robert,South Carolina,56491,126.284029,32.429989
Justin Ashley,57,14945 Hart View,Walkerstad,New Hampshire,30859,-18.253165,10.912426
Krystal Watts,18,82367 Warren Expressway,Crawfordfort,Illinois,97811,123.095524,-20.6319605
John Simpson,42,85489 Melissa Points,Brownhaven,Oklahoma,14161,-53.979964,-3.309510
Rita Mcgrath,68,77788 Jordan Fork,Jenniferborough,Iowa,77687,-97.778339,-23.181955
Diana Thompson,80,39812 Martinez Meadow Suite 878,Johnsonmouth,Massachusetts,56658,-101.222468,89.9460865
Jerry Miller,37,457 Kim Wall Suite 535,Thomaschester,Oregon,84620,137.129397,17.505666
Suzanne Sanchez,60,469 Sherman Underpass,Joshuastad,Virginia,93329,-12.703824,-54.0412105
Fernando Stone,31,77365 Smith Walks,Port Brian,South Carolina,06291,-85.713916,-89.1359195
Jeffery Scott,54,0362 Sweeney Parkways,North Ericville,Mississippi,03774,-10.042037,-55.358681
Edwin Brewer,55,12037 Justin Pass,Lake Christina,Iowa,84192,144.825485,57.0130685
Tyler Brown,39,07166 Davis Court,Lake Leonard,Texas,58760,-152.928438,44.7640865
Timothy Rogers,31,73487 Harrison Mission Apt. 697,Porterfort,New Hampshire,72929,-142.262126,-82.6857395
Michelle Alvarado,55,218 Gregory Shores Apt. 341,Christinefurt,Texas,50979,-175.365344,-64.159133
Joseph Walters,33,32048 Ibarra Hill,New Samuelton,Michigan,97357,-126.352591,57.576346
Patricia Patel,30,351 Wiley Grove,Larrychester,Arizona,88689,4.386638,-10.719084
Margaret Singh,30,5627 Laura Route,South Brittany,Kansas,07063,21.089190,73.2267375
Ashley Robinson,75,6195 Nichole Mount,Wellsfurt,New Hampshire,29694,134.211690,-47.951928
Kelly Banks,46,09790 Tyler Bridge,Lake Susanstad,Virginia,83421,30.292969,28.607583
Melissa Hernandez MD,51,93645 Steven Knoll Suite 562,Mcneilfort,Maryland,19513,80.830084,13.585978
Robert Lee,47,30321 Schultz Bypass Apt. 731,Russellburgh,Nevada,83524,-59.830556,-16.388132
Ryan Adams,74,193 Charles Drive,Robbinsborough,Oklahoma,18733,-55.406738,7.718431
James Mcconnell,72,2411 Moran Turnpike Suite 623,Jenniferstad,Michigan,38822,50.693732,-10.4229455
Melanie Myers,63,93760 Austin Haven Suite 712,Terrihaven,Ohio,95578,159.267876,10.038329
Sarah Watson,43,46466 Perry Street Apt. 706,Lake Ashleyshire,New Hampshire,33512,-134.847885,1.7866925
Danielle Lawrence,50,3109 Le Dam,Tonibury,Minnesota,19242,-175.593854,-70.035131
Stephanie Johnson,23,470 Ann Mills Apt. 015,Andersonmouth,Texas,93048,118.091640,62.0148475
Melissa Browning,69,04902 Monica Keys Suite 631,New Anamouth,Virginia,18017,-122.891774,-62.2374715
Destiny Frank,65,9777 Joseph Vista,Port Catherine,Georgia,67629,-170.764754,68.417259
Veronica Carson,49,21513 Laura Track Suite 689,North Davidville,Florida,37560,-46.465280,15.7254855
Taylor Lopez,73,596 William Dam,New Jamesfort,Illinois,54844,-97.810141,-49.893560
Joshua Rivera,62,8916 Elizabeth Inlet Suite 289,West Peggyburgh,Alabama,87086,71.658615,-58.7274525
Christopher Cantrell,58,0104 Garcia Stream Apt. 293,Martinshire,Michigan,72050,-178.027413,32.883103
Dawn Holden,68,62439 Gregory Mews,New Kristenburgh,New Jersey,47303,-52.778333,-89.899688
Michael Ramirez,43,7862 Warren Court,New Willieview,Arizona,33159,-90.500790,38.362126
Timothy Ortega,57,50838 Gaines Forge Apt. 949,Amandaside,Illinois,49537,44.769768,-26.6544655
Julie Williams,20,845 Chavez Locks,New James,Pennsylvania,74636,66.938967,-63.962291
Sharon Lopez,72,1386 Daugherty Hills,West Nataliehaven,Montana,57157,-47.335742,-33.221026
Martin Ochoa,29,170 Bryant Radial Apt. 750,East Lorishire,Hawaii,47453,20.906855,-15.0167025
Ann Moss,72,7542 Miller Squares Suite 126,Michaelside,Maine,53939,90.555802,72.803978
Johnathan Ramos,36,07846 Patrick Roads Apt. 967,South Kyleside,Maine,80351,-65.717794,12.626878
James Conner,43,0624 Calderon Knolls Suite 162,Sharpton,Montana,11076,-163.328859,-23.929285
Stephen Long,54,18117 Ian Lock Apt. 346,Petersonchester,Idaho,49814,-90.945776,81.476643
Jason Novak PhD,73,5673 Gonzalez Hollow Suite 811,East Jenniferberg,Utah,46428,-93.130805,46.338467
John Collier,58,74945 Rachel Radial,South Elizabethstad,Tennessee,28373,105.499535,59.3067885
Vanessa Hill,64,1072 Reyes Isle Suite 862,New Blakestad,Mississippi,40029,-102.123587,43.1286235
Cory Barry,57,822 Ronald Point,Matthewbury,West Virginia,96343,174.725712,64.414636
Christine Ellis,58,337 Maria Rapid,Lopezmouth,South Dakota,33512,53.153043,-39.262106
Courtney Calderon,79,96642 Mark Shoals,North Johnburgh,Arkansas,41836,105.080214,30.142184
Craig Meyers,19,40129 Lynn Creek Suite 577,Palmershire,Maryland,27729,92.471112,-77.5588025
Jared Bautista,73,489 James Trafficway Apt. 182,Lanemouth,Texas,30334,-77.270188,46.988538
Shirley Wilson,62,5947 Jacob Fork,Justinbury,Minnesota,06298,-144.421854,27.665311
Robert Johnston,56,8047 Tim Mills,Donaldfort,North Dakota,55368,125.738993,31.751623
David Jenkins,36,590 Brenda Rapids Apt. 679,Port Christinetown,Utah,27099,152.721726,69.0015265
Peggy Smith,46,98994 Henry Vista Suite 632,Richardshire,New Hampshire,68563,76.920713,37.7992795
Ashley Webb,36,275 Yang Loaf Suite 352,West Anthony,Montana,64568,3.358473,-9.9588275
Barbara Newton,26,33787 Elizabeth Ranch,New Gavin,Indiana,63705,-32.386083,22.499635
Fred Fitzpatrick,45,29087 Weber Trail,Port Sarah,Kansas,21974,27.918580,72.800607
Becky Neal,45,307 Fischer Wells Apt. 343,Lake Jamesshire,Illinois,81960,-110.416339,33.3759285
Ricardo Nguyen,63,408 Foster Knoll Apt. 342,Edwardsfort,South Carolina,73761,-50.329767,-33.484602
Stacey Reed,77,497 Elizabeth Fort Suite 950,Jonesborough,Alaska,71099,-39.317752,60.218160
Kathleen Mcdaniel,36,654 Paul Radial Apt. 041,East Savannah,Kentucky,09325,-37.273284,28.511499
Jamie Weeks,71,3582 Farmer Well,Leslieburgh,Connecticut,03295,36.284615,66.237610
John Rose,73,7060 Singleton Village,Julieside,Oklahoma,55472,-129.126976,13.2539895
Christopher Coleman,21,5755 Amber Well Apt. 467,New Alicia,Minnesota,14842,-159.771344,60.005416
Taylor Goodman,72,85334 Casey Orchard Suite 405,Lake Cherylhaven,Kansas,56422,143.199977,2.5061205
Dawn Mendoza,71,0092 Lopez Springs Suite 183,Johnmouth,South Dakota,21923,117.096575,-70.3051645
Brandon Cook,63,491 Brock Tunnel Apt. 700,Omartown,Nevada,95839,97.134466,-70.3216045
Joann Hall,44,8582 Mcclure Ramp Apt. 681,Antoniotown,Kansas,58104,-177.894853,-60.500609
Jessica Wiley,72,551 Bruce Ports Suite 726,Ferrellview,Tennessee,20038,-154.939009,89.600862
Troy Carter,55,577 Andrade Hill,Martinezton,California,63118,-120.011206,-78.403053
Robert Williamson,51,8363 Morris Mill,Bridgettown,Tennessee,74719,33.038330,42.035448
Carl Coleman,72,4780 Stewart Path,West Jamesborough,Kentucky,58217,50.757696,-38.288413
Tyler Henry,45,2582 Laura Locks Suite 140,West Sandra,California,80373,142.998251,-26.2415215
Christine Williams,63,177 Finley Stream,Davidmouth,Virginia,24057,142.226486,34.243145
Kimberly Conley,38,70321 Nathan Shore,Ericbury,Massachusetts,73223,46.684774,-18.9150935
Jonathan Mckee,43,29149 Pruitt Vista Suite 269,Michelleview,South Carolina,92476,-105.370315,-16.919835
Donna Romero,33,2667 Alyssa Junctions,East Christinashire,New York,46699,-90.660024,7.4056105
Jennifer Andrews,46,288 Moran Plains Suite 925,Romerofort,Texas,95701,131.110279,49.0376785
Felicia Hendrix,46,09210 Barnett Plain,Wesleystad,Michigan,43920,-27.861885,-31.2239645
Joshua Jackson,38,54428 Gregory Route Suite 583,Bonillaside,Wisconsin,28826,-11.538948,-85.366626
Cindy Moore,33,89484 Michelle Path Suite 487,Davidfort,Wisconsin,74426,131.677538,25.667700
Rachel Mason,54,40791 Stephanie Islands Apt. 996,Thomasburgh,Rhode Island,96883,-156.690095,-9.910362
Patricia Mcknight,36,715 Jordan Inlet Suite 830,Garciastad,Maryland,23608,-93.228518,66.2523665
Tracy Case,70,4581 Dorothy Pines,Lake Christopherside,North Dakota,90018,-152.495328,34.5055565
John Hahn MD,22,624 Patton Skyway Suite 030,New Cory,Alabama,79492,62.149331,-3.719721
Kelly Mendoza,64,122 Matthew Unions,Brandiside,New Mexico,35070,93.826232,-20.029475
Robert Shelton,27,2477 Ross Curve,Jamesview,Connecticut,99249,-49.066964,-67.037851
Richard Schneider,54,39162 David Valley,Moralesville,New Jersey,01037,33.598908,76.595462
Jennifer Williams,57,5832 Trevor Villages,Christinaburgh,West Virginia,80006,16.519077,75.025521
Lauren Diaz,62,039 Tina Glen,Benjaminton,Wisconsin,19073,122.196451,67.3444195
Gina Gibson,43,73470 Gregory Roads,Katiehaven,Iowa,85412,-93.094792,-39.1129575
Gregory Gomez,80,634 Smith Wells Apt. 677,Janetview,South Dakota,79883,144.904605,-75.841192
Micheal Warner,46,157 Beck Circle Suite 193,North Christineville,Kentucky,20959,22.983732,33.325491
Matthew Torres,60,994 Campbell Curve Apt. 838,Traceyshire,Maryland,93188,114.307193,45.4089655
Mark Lee,25,70540 George Shore Apt. 735,Karenbury,Massachusetts,89771,-133.562800,7.3967395
Justin Rodriguez,61,437 Scott Trail Suite 869,Petersonland,West Virginia,84598,3.355624,37.704177
Jeffrey Garza,74,47949 Preston Crescent Apt. 603,Port Edward,Georgia,41257,-42.853117,84.229828
Carla Palmer,43,7856 Nelson Fields,East Raymond,Iowa,91101,-73.271300,-62.7000215
Tonya Hogan,46,2790 Watts Street,Port Cassandraport,Nebraska,28709,14.281396,-27.4879315
Brian Shelton,64,2845 Isabella Haven,Montgomeryburgh,Alabama,02220,69.276396,35.2396595
Tiffany Gardner,41,8037 Sean Lodge,Lake Christopher,Arizona,39572,75.426787,-28.5581225
Krista Jackson,30,664 Lewis Estates,Scottfort,Oregon,66614,-112.109958,64.175898
Kayla Joseph,80,24366 Lin Vista,Lake Coreymouth,New Hampshire,82657,50.108894,89.991986
Christopher Thompson,27,98457 Fisher Rapids,Alvarezfurt,Maine,23097,-132.960578,14.6626905
Nathaniel Vang,19,2060 Kelli Lights,North Donaldstad,West Virginia,71357,70.115381,-26.2545535
Maria Hinton,33,749 William Island,New Jessicaburgh,Kansas,80069,-105.453095,37.501069
Matthew Hanson,50,604 Miller Greens,South John,Arkansas,81625,96.773609,81.9573075
Brian Gutierrez,31,992 Kenneth Falls,West Stephanie,Tennessee,93819,-89.488147,-58.184727
Connie Anderson,56,310 Heather Manor,Rodriguezland,Oklahoma,88808,-21.531356,-39.0966925
Tammy Morrison,80,754 Ray Burg,Matthewport,Pennsylvania,67811,-38.664354,-70.932046
William Olson,49,8801 Andrews Shore Apt. 250,Colonside,Florida,72632,5.501761,0.292436
Mark Myers,29,456 Gonzalez Locks,Robinfort,California,73219,-99.551785,-31.752373
Nicole Eaton,41,88341 Jason Trail Suite 848,Glennfort,Colorado,54877,-164.220897,32.737245
Shawn Miller,75,3825 Jones Unions,New Brettburgh,Nevada,79489,-78.350349,-89.1139145
Emily Sharp,31,6979 Tamara Divide Suite 248,Lake Richardtown,Texas,18970,136.429416,-88.8152385
Autumn Walker,58,54273 Armstrong Burg,North Leslietown,Ohio,13899,143.760091,16.889645
Kimberly Martin,51,8025 Costa Meadows,South Calvin,Nevada,56365,-105.540814,-21.9795745
John Smith,27,5015 Vargas Plains Apt. 830,Port Jeremy,Georgia,48411,-124.864400,19.200491
Anthony Gilbert,75,66655 Gutierrez Drives,Natashastad,Alabama,26552,144.749750,-73.452885
Heather Stephenson,24,290 White Pass Suite 667,South John,California,42572,3.622787,-1.758917
Jacob Brooks,66,584 Briana Springs,Lake Bruceburgh,Florida,43929,70.004866,-49.0202465
John Lane,79,56909 Stone Estate Suite 860,Port Christineshire,Iowa,83134,-57.037046,-37.606782
Lori Everett,38,52335 Patrick Summit,Lake Rachel,Colorado,65279,-25.623315,85.7705545
Stephen Henderson,38,78678 Whitney Center,Mariebury,Missouri,70766,-173.981267,52.0880915
Savannah Rivas,65,98216 Johnson Knolls Apt. 896,New Tonyview,New Hampshire,79645,-165.448040,80.090090
Ashley Ward,57,3367 Timothy Ridge,Carolinetown,Mississippi,72575,-110.209052,71.0618065
Antonio Floyd,65,44728 Cameron Burg,Loganland,Tennessee,76788,-120.119040,31.4218285
Curtis Wallace,57,0767 Ricardo Causeway Suite 504,North Nathan,Arkansas,70226,-11.779232,18.2597335
Heidi Bauer,31,486 Tara Views Apt. 281,South Anthony,South Carolina,08472,-51.813637,80.992580
Steven Turner,50,73663 Nicole Rapids Apt. 178,Coreyport,Montana,72809,2.493563,30.781175
Brandon Patel,37,01152 Rodriguez Lodge,West Monicachester,New Jersey,81945,-26.004455,86.520971
Donna Crosby,24,86360 Ramirez Inlet,Williamsside,Washington,17177,84.683246,7.9729765
Lindsay Woods,53,7411 Rebecca Path Suite 359,Wardstad,Texas,31548,-71.728162,37.9105425
Patricia Anderson,58,5101 Dawn Plaza Suite 083,Scottborough,Nebraska,07776,-123.163481,-19.725049
Mary Romero,80,736 Rebekah Plains Apt. 427,Christopherland,New Hampshire,65752,-178.324745,-78.1380275
Brianna Little,78,0238 Mason Villages Suite 850,Haysberg,Alabama,12551,84.491225,86.365666
Valerie Stewart,52,1638 Madeline Cliff Apt. 788,Oconnorburgh,Michigan,07828,-4.449013,36.765967
Caitlin Thompson,64,1539 Peter Lodge,Scottview,Alaska,43094,72.937290,-70.587367
Richard Shaw,24,133 Angela Loop Apt. 997,Michaelland,Virginia,56233,54.718156,-84.013546
George Matthews,55,84221 Robert Square,Solistown,Wisconsin,26996,148.290264,45.286487
Anthony Ballard,25,541 Lozano Village Suite 913,Jimenezmouth,New York,07731,155.758208,-11.322530
Charles Williams,45,66373 Santiago Mill,Hudsonfurt,Oregon,63369,16.800016,-51.787697
Samantha Tate,71,262 Mario Springs Suite 012,Kimberlyborough,Montana,16445,-93.874977,67.1806915
Robert Keller,67,7941 Carlos Plains Suite 329,Fordchester,Illinois,74659,45.137038,54.8161005
Amy Sanders,26,87842 Weber Square,Maloneborough,Wisconsin,60675,120.446098,18.616958
Brent Shields,62,928 Alexander Fords Apt. 770,New Amandatown,Virginia,48831,-97.551727,-3.006982
Dr. Heather Young,32,579 Gerald Knolls,North Thomas,New York,45713,47.170267,-65.2160695
Austin Harding,45,488 Garcia Courts,South Lauren,Kentucky,68600,-39.827777,-63.899860
Jordan Lloyd,32,01704 Alex Cliffs,Leeburgh,North Carolina,29640,-55.242193,-47.2619505
Amanda Wallace,38,374 Ana Inlet Apt. 819,Colefort,Michigan,70270,-90.917024,-56.0450915
Terri Lawrence,75,4857 Johnson Meadows Apt. 198,Grahamchester,Louisiana,24296,-136.529643,80.928302
Benjamin Kaiser,56,63690 Cassidy Camp Apt. 419,Tinaborough,California,56996,17.608343,-8.6043385
Ricardo Fleming,42,86806 Sheila Via,North Sarah,Iowa,82879,71.486111,-4.806034
Kim Reynolds,59,297 Sarah River,Kellyberg,Oklahoma,27650,39.737315,-6.8215315
Joyce Day,43,216 Mooney Run,Lauraburgh,Mississippi,12008,-142.737087,-86.8864085
Riley Chavez,52,5575 Daniel Point Suite 263,Marybury,Hawaii,49131,-82.607697,-56.837030
Lisa Howard,29,51694 Hill Lights Suite 120,Andrewport,New Mexico,56773,123.190882,10.5405725
Diane Bennett,20,996 Suarez Parks Apt. 096,Emilyview,Wyoming,53962,179.622931,2.902201
Danny Russo,58,008 Brooks Fields Apt. 785,Nicholasshire,Florida,98026,-11.862985,-20.355019
Jake Kline,31,6215 Johnson Mall Suite 244,Carlostown,Connecticut,47631,-101.208871,-13.6829285
John Acosta,18,611 Collier Road Suite 708,Aimeefort,California,22565,149.956664,20.543567
Benjamin Christensen,34,7185 Cole River,Lake Haley,New Jersey,11170,-144.442554,16.0805825
Kevin Romero,74,766 Kristopher Heights,Dannyview,Louisiana,06162,1.519566,84.8349655
Lisa Campbell,48,321 Elliott Roads Apt. 279,East Georgemouth,New York,34105,-137.027008,78.479638
Richard Fields,52,4955 Kane Fall,West Virginia,Wisconsin,32427,163.877439,-34.3550665
Susan King,64,16496 Walters Village Suite 471,Mendozastad,New Mexico,60900,-68.182232,49.6046685
Nicole Mcdonald,53,51321 Petty Row,East Scottview,Nevada,41373,-47.214974,-81.9693965
Kim Farley,37,496 Jessica Causeway,Reneestad,Nebraska,58455,28.665106,8.6488515
Nancy Berry,33,867 Williams Park,Pittsside,Massachusetts,46557,49.111195,-66.4385865
Angel Smith,47,817 Nicholas Spring,Lake Brittanyport,South Dakota,54820,-118.336678,-78.384823
Shannon Moran,64,55401 Scott Burgs Suite 047,Lake Karenview,Louisiana,92128,10.169436,-3.612503
Kaitlyn Goodwin,45,232 Patricia Station Apt. 042,Kathrynside,Idaho,55588,136.189720,37.5091105
Karen Ferguson,23,2260 Fernandez Courts,North Calebhaven,Ohio,56517,-15.035836,46.4454165
Brooke Byrd,49,9225 Moore Lane Apt. 562,Coxborough,Virginia,14860,-61.595128,-1.4920355
Christopher Cardenas,44,396 Robinson Locks,Lawrenceport,Indiana,28341,-32.967971,-9.2102425
Michael Gilmore,47,29804 Jason Courts Apt. 245,New Kenneth,Georgia,84811,-118.212756,56.876391
Andrew Abbott,62,663 Tonya Greens Apt. 569,Drakeland,Iowa,29377,32.732276,-33.8019205
Pamela Martin MD,33,778 Alexander Port,Elizabethmouth,Iowa,65754,-150.087510,-65.1449265
Dana Smith,34,455 Adam Gardens Suite 508,Stevensmouth,New Jersey,87485,58.035479,41.832873
Elizabeth Parsons,65,8982 Wright Mill,Holmesview,Arkansas,53591,129.874579,-33.800928
Daniel Patel,41,2851 Donovan Squares Suite 641,Richardsonburgh,Minnesota,53803,-44.420385,66.1618295
John Davis,75,63595 Davidson Summit,North Tammy,Florida,66385,-13.545633,-61.035665
Tracy Farley,42,1450 Taylor Divide Apt. 782,Lake Jennatown,Illinois,50586,83.071075,-43.4977495
Jennifer Gordon,48,6255 Brewer Pike Apt. 025,Alyssaville,Montana,58508,-63.324968,6.3507675
Beverly Wheeler,66,467 Taylor Burg Suite 181,Christophershire,Mississippi,34130,-121.273031,-38.791855
Todd Valencia,62,09445 Peggy Island,East Nancyton,Iowa,61479,126.606141,16.993145
Victoria Allen,33,1139 Beasley Mills Apt. 531,Wellsberg,Maryland,52264,142.725606,22.672436
Brandon Moreno,29,310 Juan Divide Suite 786,Stuartmouth,Montana,62476,174.990516,-47.851796
Juan Gentry,74,3633 Elizabeth Mill,East Susan,Oklahoma,70914,158.145568,40.5800765
Matthew Wiley,35,6343 Simmons Stream Apt. 847,South Susanfurt,Connecticut,56360,-166.006496,19.6834635
Robert Rodriguez,72,977 Decker Station Apt. 319,Suemouth,South Carolina,94871,-149.645019,-33.994856
Ashley Davis,75,7487 Angela Run Suite 451,Jaredstad,Tennessee,23561,-48.290221,-89.927601
Robert Dyer,30,3585 James Lake Suite 821,Bradleyhaven,Oklahoma,25429,124.535626,50.3357295
Gabriel Jones,54,0631 Margaret Crescent Apt. 272,South Robertton,Arizona,76426,-61.870589,-15.5045145
Richard Chandler,79,51692 Justin Street Apt. 709,Arellanoburgh,Nebraska,13619,48.253761,-6.8143105
Holly Brown,47,6355 Matthew Views Apt. 659,Michaelton,Kansas,49407,-74.712080,37.0361475
Dennis Taylor,64,45495 Ross Centers Apt. 763,Blackchester,North Carolina,05557,6.302766,-47.858089
Jacob Newman,60,882 Vargas Estates,New Daniel,Idaho,08759,-46.485617,-82.793291
Cristina Harris,46,0143 Samuel Flats,Benderchester,North Carolina,62389,-51.007783,76.0857655
Nicholas Dixon,23,207 Delgado Plaza Suite 066,Davidview,Missouri,68353,-18.028178,-51.557453
Daniel Scott,65,02911 Robert Village,North Johnborough,Iowa,91515,34.034764,-21.515866
Adam Conrad,67,11950 Campbell Plains,Karenborough,Michigan,08393,-45.375953,-25.665722
Jill Rowe,80,729 Roberts Bypass Suite 362,North Stevenmouth,California,69161,80.147315,-18.745871
Jessica Gordon,33,68925 Wilkins Ramp Apt. 653,Hopkinstown,Virginia,75961,-126.953602,-81.1089405
Robert Velez,30,874 Rebecca Expressway Suite 164,East Paulville,Alabama,30903,98.347044,74.7042525
Robert Miller,35,033 Nguyen Rest Apt. 330,North Samanthabury,Massachusetts,68381,3.661940,-5.6636795
Kelly Andrews,30,1813 Martin Key Suite 018,West Mollymouth,California,63181,63.413273,-52.600148
Natalie Jordan,23,5643 Smith Turnpike Apt. 210,Shawstad,Massachusetts,72392,-141.437899,-4.134828
Seth Todd,34,1934 Vincent Pike,Collinsport,Nebraska,55748,78.655879,6.1666235
Jose Kennedy,39,804 Jason Brook Apt. 630,New Jenniferberg,Oregon,22688,67.650416,-76.673716
Stanley Humphrey,61,4218 Owens Mall,Port Laurie,Iowa,61435,100.916362,-67.920454
Phillip Austin,60,541 Kelly Road Apt. 951,Deanfurt,Utah,72226,-53.907175,79.9910235
Donna Scott,44,8723 Clements Row Suite 672,Port Kevinport,Maine,92372,-11.025837,-51.1562545
Crystal Smith,74,478 Joshua Harbors,Jenningston,Virginia,55210,-6.247799,25.9108875
Carl Summers,39,0256 Jonathan Cliffs,North Michael,California,11177,121.849781,-65.232997
Randall Jackson,66,99283 Rebecca Inlet,Port Ericaberg,Maryland,97163,163.216411,10.3512835
Leslie Carroll,61,788 Eduardo Prairie Suite 205,New Lonnie,Maine,77023,40.683489,13.208755
Mary Fernandez,19,03382 Brandon Islands Suite 431,Oscarland,New Mexico,87848,64.723165,11.158689
Matthew Tran,61,43488 Kristin Walks,Michaelside,Tennessee,62367,-96.406874,87.219856
Lori Alexander,71,94306 Howard Glen Apt. 038,East Cathy,Colorado,56024,-34.411884,89.2537115
Scott Long,35,65163 Smith Shoal,East Rebeccashire,Montana,84436,-70.722666,6.0663305
Lisa Williams DDS,32,7818 Heath Mountain Suite 854,Port Julie,Maine,53079,179.972669,-50.9351045
Olivia Jones,59,791 Christina Ridges,Sarahmouth,Virginia,27235,-145.535129,-54.327663
Wesley Cunningham,78,963 Hansen Shoal Apt. 616,Danabury,Ohio,69945,-70.040557,28.855875
Dean Crosby,69,546 Sabrina Mount,North Grantfort,Mississippi,21335,27.447519,48.6854975
Amanda Gonzales,68,386 Garza Ways Apt. 945,Jasonland,Georgia,88680,-96.654742,-65.4844695
Lauren Moore,43,9179 Brian Crossing,North Williamburgh,Utah,58269,150.526670,-74.1508285
Nicholas Santiago,57,18602 Stephen Key Suite 793,Port Jerry,Connecticut,85654,-76.217392,29.7009415
William Parsons,62,6744 Chen Landing Suite 897,North James,North Dakota,73916,81.951159,-2.4409255
Mercedes Rice,79,531 Timothy Vista Apt. 635,Marshallborough,Michigan,59790,56.244938,-42.4177625
Sharon Hansen,52,06699 Aimee Union,Raymondtown,Nevada,45077,-62.075157,30.854211
Shelby Scott,26,023 John Square Apt. 449,Tanyastad,Michigan,86371,-101.762657,-19.8095055
Sarah Ramirez,57,883 Julie Loaf,Gardnershire,Oklahoma,64675,9.218705,78.442054
Jason Shaw,73,133 John Extensions Apt. 168,Lake Christinaland,Idaho,34712,94.807177,-67.128271
Haley Townsend,45,193 Hunt Forks Suite 969,Danielbury,Vermont,82597,35.680926,45.210713
Jacqueline Anderson,68,934 Gabrielle Meadows,North Amanda,Iowa,90283,128.086275,33.8413665
Joe Johnson,31,91737 Shannon Avenue,Jeremyburgh,North Dakota,48305,-117.023101,-45.7771295
Lisa Brown DDS,30,978 Roman Common Suite 127,Moralesville,Kansas,15931,-32.770061,49.514463
Carla Nunez,54,8456 Brittany Fort,Pittmanchester,Arizona,15789,-113.810878,-47.415813
Joshua Wilson,60,177 Nicholas Vista,New Jonathan,North Carolina,17939,-143.479810,-85.1845235
Dr. Eric Hicks Jr.,71,47081 Davidson Field,West Ginashire,Hawaii,10704,-116.439892,-66.3429975
Kimberly Gutierrez,55,0843 Sarah Radial,Cooperberg,Arkansas,49320,-42.658526,-3.6133765
Lisa Anderson,31,66654 Jessica Mission Suite 745,Wattsstad,Kentucky,53580,-43.600591,-41.531442
Jill Vance,18,9592 Teresa Burgs Apt. 759,Christopherstad,Minnesota,63386,-48.721190,53.851295
Christine White,55,9143 Malone Square,Christinahaven,South Carolina,31566,131.012468,53.5900245
Cynthia Merritt,70,07956 Jessica Springs,South Sherrychester,Ohio,18490,86.220523,10.793557
Kyle Wolfe,19,0827 Richardson Fall Apt. 923,Susanshire,Indiana,88789,-38.916447,-63.9812395
Sean Robinson,27,89186 Paul Glens,Lake Andreafort,Mississippi,05132,50.650401,69.6657145
Elizabeth Thomas,25,5603 Townsend Grove,West Joshuaton,Kentucky,34476,44.024605,28.079708
Daniel Walton,53,7328 Connie Isle,Leslieburgh,Colorado,30764,14.272546,-21.2473925
Harry Garcia,23,97682 Jones Drives,Parkerchester,Arkansas,09067,-58.977837,-83.165871
Aaron Acosta,51,7967 Day Pass Suite 936,Marthatown,Utah,57414,80.799952,-55.6892795
Yvette Rodgers,29,9829 Kimberly Lock Suite 861,South Richardshire,New York,17788,104.549887,78.5792725
Mrs. Angela Esparza MD,43,90212 Nancy Mission,Gonzalezview,Virginia,25706,69.524744,-6.0679685
Victoria Watkins,39,545 Luis Locks,Chungstad,North Dakota,14814,-142.626580,-87.7426255
Taylor Frey,68,9087 Garcia Drive,North Brian,Arkansas,04488,125.319402,-48.229718
Scott Nielsen,54,46929 Alex Square,Gillespieburgh,Florida,76913,-55.581554,-45.9579805
Morgan Ball,80,1864 Matthew Ford Suite 859,Nielsenview,North Dakota,38365,-22.230646,-48.1976205
Katrina Morgan,24,492 Sara Villages,Martinezhaven,Alabama,27824,70.748841,-55.362593
Amy Gonzalez,76,03911 Hernandez Avenue Suite 487,East Elizabeth,Alaska,83588,-36.914743,50.876590
Jeffrey Nguyen,64,291 Jose Lane,Robertview,Idaho,99405,108.900087,-38.7501585
Kathleen Guerra,48,39801 Kyle Viaduct Suite 107,Port Tammyside,Arizona,37975,174.859584,50.6879325
Robert Larsen,63,1996 Benitez Circle Suite 437,South Sarah,Pennsylvania,68178,52.121966,-50.2040335
Katherine Kirby,18,8209 Frazier Passage Apt. 782,East Lisa,Pennsylvania,06617,-82.044455,21.0385995
Kimberly Barajas,32,304 Linda Orchard Apt. 234,West Stevenville,Alaska,37395,-67.358522,-28.561123
John Barajas,55,31787 Nathaniel Forges Suite 382,North Lorichester,North Carolina,02886,-30.511409,-81.0182295
Teresa Levine MD,48,0087 Kevin Cliffs,North Richardside,New Mexico,90126,176.257673,-64.192717
Melinda Finley,62,3540 Eric Land,Patriciaview,Michigan,32829,166.072853,-50.0183375
Charles Thomas,73,68109 Rogers Lake,Tiffanyview,New Hampshire,93362,-28.308353,58.3520565
Pamela Moore,24,35248 Garcia Alley,Knightmouth,Nevada,58389,166.286037,-83.266367
Michael Green,44,6026 Anthony Extensions Suite 296,Denisestad,Utah,35543,-50.253833,21.3787575
Oscar Hobbs,69,503 Gay Trail,North Julia,Illinois,52929,173.511042,-89.5133245
Angelica Fox,70,99995 Keith Ford,Robinsonfort,Wisconsin,58912,139.920460,81.503131
Thomas Harrison PhD,64,87532 Matthew Hill Suite 026,Leeshire,New York,69296,11.137774,-15.972919
Laurie Stevens,42,5645 Matthew Stravenue Apt. 789,Cookstad,Oregon,83091,162.489498,-59.656932
Jesse Hall,49,3193 Christopher Causeway,Eatonland,Mississippi,12373,14.616391,-58.429560
Devin Juarez,36,0156 David Stravenue Suite 332,Nathanfort,Wisconsin,51260,-144.303138,71.565480
Ariel Williams,38,3772 Stacy Neck,Burnsbury,Pennsylvania,84209,64.833252,-10.863985
Patricia Miller,60,9331 Turner Valley Apt. 977,Haynesshire,New Jersey,58502,64.640748,41.747745
Darrell Stafford,78,2156 Evan Roads,Jasonchester,West Virginia,64555,43.031165,65.743558
Christina Vaughn,40,33875 Karen Lodge,West Jennifer,Missouri,05219,-2.584016,14.1196405
Christina Anderson,37,82879 Rice Pine Apt. 799,Karabury,Washington,11345,147.078008,67.0554815
Cynthia Jones,70,2361 Sandra Knolls Apt. 424,Reyesbury,Nevada,44094,-102.643018,33.9832935
Amy Wilkerson,77,33801 Kristi Row,Sextonburgh,Utah,12620,25.685613,62.4350295
John Moore,67,834 James Alley,Carrside,Hawaii,65218,167.556989,-83.8795555
Debra Stone,52,55621 Brian Lodge,North Brittanyland,Florida,87144,97.109138,27.5115895
David Baker,38,3748 Jesus Row,West Stevenside,Oklahoma,25355,163.776356,38.693342
Barbara Spears,55,21397 Cynthia Spring Apt. 109,Jasonmouth,Georgia,47368,149.311894,-7.328008
Kevin Delgado,27,242 Harris Knoll Apt. 331,Chelsealand,Georgia,14955,125.152814,-39.369796
Melissa Harris,38,5962 Farmer Crossing,Lake Beckyside,New York,35090,-155.810936,-34.2110685
Michael Gomez,39,84387 Jonathan Gardens,West David,Pennsylvania,82498,-131.248718,-4.648393
Amanda Smith,34,40509 Martinez Glen Apt. 503,Smithstad,California,54691,77.397351,-30.948274
Joshua Guzman,73,574 Castaneda Cliff,Lake Thomasport,Oregon,76158,44.343153,-1.976473
Michelle Taylor,67,385 Rowe Mountains Suite 356,Mooreton,Oregon,12651,-11.171039,-6.941826
David Jackson,42,71888 Perez Rapids,West Ashleyport,New Mexico,37320,65.194456,-30.611315
Justin Estrada,25,16149 Lara Forges,South Nicole,Montana,44921,-149.312026,27.7873275
Nathan Fleming,72,126 Johnson Shoals,South Carol,New Hampshire,90614,-20.988242,-66.895046
Ralph Young,30,80784 Mitchell Pine,Audreyview,South Carolina,13779,-140.221186,-45.771750
Mark Alvarez,55,0242 Julia Creek,Davismouth,Maine,37119,70.858020,72.3272725
Jill Scott,49,937 Ramirez Parkways Suite 213,Port Heather,Nevada,61225,127.019786,4.347047
Jeffrey Hernandez,60,28113 Richard Views,Stevenshire,New York,92099,-61.093307,1.234089
Michael Swanson,75,00306 Carter Cove,East Jared,Wyoming,56831,37.932804,60.6231845
Bonnie Davis,65,834 Huynh Plain Suite 040,Port Ryan,Washington,22398,12.603265,-29.1946445
Debbie Ford,62,28416 Latasha Keys Apt. 455,New Emily,Massachusetts,79224,-177.818242,-2.8777695
Randy Young,30,922 Carolyn Burg Apt. 984,East Noahmouth,Idaho,46926,15.205263,-27.0087215
Matthew Johnson,50,8052 Kimberly Shoal Suite 354,Trevorville,Oregon,83282,-100.630247,-20.892397
Shannon Clements,32,1100 Hernandez Mountains Apt. 662,Thorntonfurt,Maryland,56854,125.328977,85.8236705
William Thompson,75,494 Davis Land,North Sandra,West Virginia,23041,-144.454443,-72.934742
David Gonzalez,21,871 Jason Burg,South Michaelside,Minnesota,93906,32.162911,-79.908810
Kathleen Mcdowell MD,27,1890 Steven Isle Suite 716,North Taraberg,Arkansas,51976,97.012968,12.819038
Gloria Walker,26,053 Ruben Pike,Bakerburgh,New Mexico,19741,45.581490,43.055099
Tiffany Lewis,77,4780 Amanda Rapids,Clarkeland,California,90043,-103.634708,-25.2716325
Jonathan Williams,26,143 Cook Extension Apt. 112,North Cynthiaville,Ohio,27469,-49.678754,47.9003635
Monique Hansen,77,651 Goodman Causeway,West Alex,Oregon,41976,175.999862,18.2014115
Sandra Watts,36,20234 Hinton Trail Suite 878,Matthewland,New Jersey,28625,9.291732,-52.228676
Paul Estrada,38,9113 Nicholas Row Suite 755,East Kevinbury,Kentucky,10535,-91.412871,55.4882205
Wendy Leon,34,61263 Gibbs Common,South Angela,Oregon,17026,26.912238,15.590735
Carrie Wood,57,631 Carl Island Apt. 970,North Christopherland,Mississippi,01439,81.923938,-0.993014
Destiny Evans,58,62756 Melissa Skyway Apt. 711,Williamside,Wisconsin,24820,-173.938268,25.177597
April Mora,37,801 Bailey Plaza,Masonborough,Minnesota,52629,86.908966,21.536141
Thomas Boyd,36,82794 Hansen Pines Suite 831,East Julieport,Tennessee,04561,160.472302,14.901503
Robert Ware,22,9767 Dalton Avenue Suite 331,Lanceburgh,Montana,59735,4.777307,-56.0549285
George Garcia,24,809 Martin Track,Nataliemouth,Louisiana,77069,44.377897,-24.886077
Nicholas Joseph,22,2679 Nicole Springs,Jeffreytown,Alaska,56125,-58.037540,28.304619
Stacy Mccarthy,62,09310 Keith Street,Morganton,New Mexico,06973,-128.838811,-32.2247255
Rebecca Martin,55,9214 Obrien Isle Suite 276,Ramirezbury,New Jersey,43038,-10.317097,-76.825164
Sherri Williams,65,12970 Ho Lights Suite 008,East Brittany,North Carolina,62544,-143.335429,-36.180351
Stephen Murillo,55,43437 Haney Cove Apt. 021,Stevensstad,Delaware,93145,166.455507,-62.842930
Richard Smith,36,497 Ramirez Corners,Wilsontown,Montana,87448,51.131294,83.1250295
Patricia Rodriguez,33,219 Jeffrey Park Apt. 998,Kellystad,Georgia,97170,47.914922,-65.627085
Diana Wells,49,228 Blanchard Neck,Fernandezland,New York,15861,-135.029883,25.1141175
Carol Murillo,44,3646 Jeremy Mountain,Parkston,West Virginia,13317,-122.605499,21.662877
Gary Colon,22,18044 Gina Hollow,Fosterchester,Massachusetts,65534,-1.690755,-84.7916315
Brian Warren,38,457 Barton Extensions Suite 760,Port Maryshire,Louisiana,59495,19.062220,-23.3774755
Steven Martinez,64,78235 Campbell Fork,Patrickfurt,Hawaii,97592,-103.337754,37.866514
Ashley Castro,74,77377 Kelley Coves Suite 809,Hilltown,Florida,66731,-179.774031,-68.4556475
Kimberly Miller,25,2458 Greene Branch Apt. 979,Ortizfort,California,75637,4.109054,63.0545095
Caleb Scott,32,65528 Mcdaniel Center Apt. 171,Alejandroberg,Indiana,50581,-63.145830,-13.999994
Benjamin Powell,48,5150 Deborah Glens Suite 886,Mccanntown,New Jersey,38202,-90.757598,17.9787415
Mr. Jeffery Shepherd,23,33305 Michelle Square Apt. 969,Kevinton,Minnesota,05389,-21.379386,-64.612812
George Patterson,54,1174 Stacey Inlet Apt. 322,Carlmouth,Maine,63737,-29.853379,-29.1816825
David Higgins,18,5199 Rebecca View,Evansview,Arizona,84334,44.660756,75.891076
Brenda Medina,18,66314 Alexander Centers,Lindseybury,Maryland,71943,-172.763081,26.6942535
Samantha Jenkins,70,979 Cooke Mount,Beckerburgh,Oregon,06448,-153.564624,71.928756
Linda Cruz,64,982 Moore Greens,Smithport,Oregon,38821,61.602299,-34.725601
Nicole Anderson,41,082 Lee Stream Apt. 031,North Linda,New York,57002,17.635678,-59.6069605
Kevin Small,57,1644 Hill Manor Suite 295,Walterstown,New Mexico,88141,-39.295610,-70.0556765
Maria Skinner,41,04209 Dustin Crest,West Williammouth,Delaware,45905,91.537988,11.4756305
Jackie Wade,26,1950 David Knoll,Port Charles,North Carolina,42604,47.675009,-52.8836395
Brittany Harris,42,087 Lisa Cove Suite 071,Port Austin,Pennsylvania,93499,-29.229454,-72.9293715
Corey Estrada,47,1491 Katherine Port Apt. 244,West Andrewstad,North Carolina,77878,102.851785,4.9809115
Courtney Marks,76,714 Angela Summit,Hollandbury,Idaho,59835,-113.768015,78.516476
Michael Dixon,65,9858 Cheryl Meadow Apt. 722,New Nicole,Louisiana,66304,-134.683523,53.8337485
Joanna Sanchez,55,752 Coleman Way Apt. 727,East Lindsay,North Carolina,77351,-88.234671,48.3500905
Megan Riley,48,749 Edward Freeway Apt. 726,Port Katie,Michigan,78590,22.868308,-8.949545
David Nelson,49,43353 Glenn Spring Apt. 975,East Yvonnefurt,Kentucky,55951,76.427869,27.720732
Robert Williams,38,836 Jackson Falls Apt. 966,South Jennifershire,Illinois,11503,-158.694246,-82.8234845
Diane Clayton,42,00399 Valerie Gateway Apt. 068,Danielsview,Utah,33142,-70.858602,-50.6060095
Jennifer Sutton,23,874 Kathy Parkway,West John,Georgia,83186,73.475161,79.6780895
Gabriel Schneider,51,39152 Ana Overpass Apt. 994,Lisaview,Kansas,60289,-146.953813,-17.666133
Zachary George,35,7174 Robert Prairie Suite 102,Grantburgh,Texas,36580,-86.296687,-44.7747545
Benjamin Brown,44,96105 Erickson Lakes Suite 565,Port Sarah,South Dakota,94364,-158.880977,-57.6772285
Nathan Johnson,62,3559 Johnson Bridge,Angelabury,Florida,65611,-26.546266,-8.1097895
Angela Moreno,21,7000 Williams Track Apt. 243,New Desiree,Iowa,01209,76.858891,51.2847435
Donald Harrison,59,9478 Jesse Summit Suite 341,Griffithport,Wisconsin,69603,178.991023,7.5842355
Marisa Golden,20,968 Emily Mountains Apt. 424,Tuckermouth,Louisiana,37999,-46.768669,38.351597
Jennifer Strickland,29,75008 Amber Knolls Apt. 380,South Jocelyn,Oklahoma,95677,-27.483913,9.6678975
Mark Huffman,33,02367 Anna Mountain Suite 488,Amberport,Delaware,90401,-64.710531,-62.578325
Timothy Long,51,62961 Wilson River,Shelleymouth,Vermont,15266,177.381832,-8.608284
Jessica Bond,33,135 Fleming Land Suite 899,Brandimouth,Pennsylvania,31364,-60.098200,48.0165945
James Huynh,50,689 Eugene Station Suite 466,South Jonathan,Louisiana,89527,-164.083895,2.7258665
Hayley Sanchez,58,26205 Melvin Inlet Suite 195,Ginaland,Delaware,43566,149.638071,-56.7721745
Kathryn Morris,22,47122 Janice Station Apt. 437,North Williefurt,Utah,48751,95.752662,-61.038124
William Lara,22,43318 Lara Inlet,New Donald,Georgia,44886,173.825198,49.492780
Stephanie Lambert,58,76128 Collin Village Apt. 578,Sandraberg,Colorado,13905,165.651170,-9.4534625
Timothy Barton,38,7908 Peterson Ports,Christiantown,Texas,42213,112.902710,53.4877085
Eric Allen,68,4796 Carroll Via,Nicholasmouth,Pennsylvania,81949,-168.066383,87.2663555
Tammy Walters,73,02924 Ochoa Skyway Apt. 905,East Patrick,South Dakota,22465,-92.019853,54.366677
Deborah Horton,60,3733 James Ford Suite 472,Morrisville,California,64652,76.154988,-79.8774695
Chase Harmon,46,57114 Morgan Island Suite 633,New Stephaniehaven,New York,33678,111.530089,-55.7558485
Ariana Evans,76,8597 Alexander Pike Suite 178,Holtville,Rhode Island,98279,-33.753353,5.5827885
Antonio Hurst,44,958 Lisa Estates,West Alanland,Tennessee,73959,-163.889501,48.2769995
Gail Howell,29,5841 Teresa Plain,Michaelfort,California,60594,-84.817623,37.7914865
Scott Campbell,42,25362 Alex Crescent,West Gina,Montana,56549,-105.963410,41.3162815
Mr. Allen Lloyd,57,54331 Cooper Ford Suite 331,Thomasport,Tennessee,77151,21.587827,42.236351
Annette Ross,64,37686 Rodriguez Parkways,Russellborough,Oklahoma,25870,-5.829249,-48.6282165
Michael Reyes,78,06792 Guerrero Inlet Suite 410,Sophiashire,Illinois,08140,65.332436,5.5317735
Kristen Smith,61,7795 Barbara Village,Darlenemouth,Delaware,57204,-176.976544,-56.254048
Mark Moore,47,072 Aguirre Plains,Medinahaven,Mississippi,17720,-86.466894,-2.0681615
Laurie Landry,60,4220 Yoder Place,Daviston,Missouri,29844,-165.868472,22.6797985
Brian Norman,34,152 Robertson Mission,West Melissafort,Kentucky,22961,-144.849943,-30.795236
Vicki Williams,55,563 Denise Springs,Marissafurt,Delaware,23327,-16.641971,-22.0601475
Christopher Caldwell,51,84496 Vargas Station,North Kim,Delaware,17693,-43.445752,-30.445840
Jennifer Sanchez,51,09173 Justin Radial,Port Stephanie,Georgia,71385,-41.601585,27.3365925
Susan Powell,45,0169 Rivers Corner Apt. 906,Powellfort,Illinois,15966,-126.748178,-13.5317805
Dr. Tina Clements,37,89366 Jeffery Plaza,Griffithfurt,Arkansas,23443,-61.358071,20.676042
Joseph Peterson,40,7439 Garcia Club,Andersontown,Maryland,28532,-99.215817,87.9373185
Eric Brooks,71,86190 Diaz Extension,West Beth,North Dakota,80317,94.842179,7.636583
Frank Johnson,68,080 Fernandez Court,Lake Mauricebury,West Virginia,95239,-5.351271,-26.046639
Joseph Warren,38,321 Angela Forges Suite 684,Ambermouth,New Hampshire,31071,-75.308798,-50.8560865
Nancy Hamilton,79,61909 Stewart Creek,Taylorhaven,Oklahoma,25378,-23.536409,-87.725253
Lori Mills,37,7280 Davis Mountain Suite 144,Rossberg,Connecticut,31159,157.492312,67.4338845
Monica Mathis,58,0533 Mark Cliff,Martinview,South Dakota,12303,-114.238867,-88.0445085
Jason Nelson,63,885 Rivera Rapids,South Gary,North Dakota,67235,156.961208,17.1651665
Miranda Reyes,47,333 Thomas Flat,Paulton,Maine,07530,-101.780262,-78.467706
Jose Lamb,20,2376 Cody Turnpike,South Gary,Indiana,07644,175.040704,-66.164756
Keith Dixon,40,169 Phillips Viaduct Suite 485,New Darren,Maryland,29957,-71.155214,61.530587
Mitchell Reese,50,4655 Todd Mount,West Thomas,New York,15488,-124.685089,75.7618005
Mr. Eric Bishop,19,2162 Fritz Ports,Lake Victoria,Minnesota,09947,-38.761851,61.283398
Jeremy Adams,79,439 Wright Villages,Lisatown,Missouri,02457,50.795930,9.1678265
Sherry Johnson,76,22950 Cunningham Dale Apt. 331,Velazquezberg,Indiana,54545,159.329499,83.110342
Lisa Richardson,80,2957 Mcdaniel Points Suite 341,Zunigastad,Florida,29414,16.481952,-36.158854
Michael Patterson,41,094 Clark Fields Suite 565,North Josemouth,West Virginia,90132,17.813235,-88.484458
Greg Gregory,36,2964 Brooke Vista Suite 319,East Juantown,South Dakota,08450,-45.682371,55.6432355
Julia Richardson,23,138 Richard Radial,Jenniferborough,Minnesota,38031,5.012555,-88.447195
Michelle Mcdonald,72,686 Washington Creek Apt. 162,Davidview,Ohio,32455,-132.112406,-14.5299395
Danielle Decker MD,38,865 Perry Roads Suite 123,Ashleyton,Nebraska,51134,23.088399,-43.316405
Kimberly Simpson,72,59025 Harris Orchard,North Danielle,Florida,34165,-34.996311,66.758199
Jessica Scott,18,2535 Ellis Union,Matthewland,Delaware,60533,-84.234205,-18.464520
Makayla Scott,70,1075 Allison Path Suite 828,Jennifermouth,Wyoming,55215,139.086548,72.990803
Ryan Johnson,63,431 Rice Loaf,Darrenchester,Kentucky,33336,44.447338,-42.298665
Susan Thompson,58,11354 Williams Summit,Mariehaven,Tennessee,30950,-30.053593,0.449729
Stephanie Ferguson,75,548 Gilbert Village Suite 129,East Patriciamouth,Alaska,16516,79.157868,24.989606
Brooke Carter,25,5299 Baxter Glen,East Margaret,Wisconsin,51981,-105.218213,56.516404
Charles Williams MD,26,0502 Ashley Road,Nielsenville,Arizona,76734,-114.498884,-79.949711
Jennifer Perry,58,56375 Olson Meadow Apt. 405,Nathanberg,Ohio,75123,159.908161,-32.7636845
Elizabeth Merritt,40,018 Darryl Plaza,Cuevaston,Oklahoma,74857,61.915769,-49.724404
Eduardo Rodriguez,58,0646 Frank Forest,Morrisview,Iowa,26603,134.354042,-74.254948
Amanda Dalton,29,58469 Stein Parkways,North Krystal,New York,99388,-103.641328,60.7382525
Rebecca Nelson,32,62041 Nathan Flats,West Garyton,Tennessee,56699,-70.103015,48.9610165
Brandi Mercado,40,926 Larson Ford Suite 277,Lake Teresa,Illinois,53571,-164.434583,-39.692269
Kelly James,36,536 Anthony Trafficway Suite 491,East Joanport,Missouri,33854,-143.908166,-0.127023
Amanda Benson,67,490 Richard Plains,Brandonburgh,Iowa,82765,87.934152,-86.254150
Angelica Collins,58,564 Michael Mount,Lake Debra,Michigan,05831,-110.762535,31.413562
Victor Moody,75,68965 Bill Grove Suite 610,Beckbury,Montana,74897,14.781910,-50.6198515
Tamara Rich,19,4489 Charles Stravenue Suite 186,Joannefurt,Louisiana,57062,168.495234,17.227398
Kathryn James,57,0427 Andrea Camp,Nicholasfort,West Virginia,45298,-175.455558,-32.646336
Matthew Andrews,37,5386 Roger View,Jonesside,Illinois,86151,116.524233,-16.6358835
Erin Delgado,78,834 Kathy Trail Suite 656,Andreaton,Nebraska,71038,-90.697563,63.4804805
Dr. Albert Johnson,64,021 Courtney Underpass Apt. 070,Gregorytown,Alaska,37929,-41.626799,7.593909
Dr. Sara Hughes,65,2089 Destiny Rue,Lake Matthewview,Mississippi,97452,-87.861941,-72.5523175
Alyssa Garcia,63,573 Katherine Trail Suite 689,Patelmouth,South Dakota,82525,-47.905923,-30.5289465
Mallory Jackson,66,792 Amber Lane Suite 357,Donaldtown,South Carolina,45847,109.982808,52.8234945
Chad Smith,21,53662 Johnson Club Apt. 647,North Lisa,West Virginia,33963,-53.561440,4.2975325
Linda Shea,76,661 Shirley Mews,South Debra,Washington,96199,96.357895,60.6171665
Julie Melendez,74,12965 Michael Stream Apt. 513,Ryanberg,Pennsylvania,71279,-21.062471,79.352473
Kaitlyn White,43,349 Vazquez Port,East Kathryntown,West Virginia,66073,-42.595257,26.204163
Carl Ruiz,51,552 Gonzalez Groves,Port Kellymouth,Texas,74742,-60.660433,-42.9740525
Kayla Meyer,26,28895 Stewart Circle,Haynesburgh,Idaho,36247,-0.602584,3.717370
Randy Patterson,56,520 Wilkinson Fort Suite 801,Richardsonstad,Montana,65785,121.303068,51.0785585
Mrs. Anna Armstrong DVM,31,854 Monroe Land,Bowenville,Idaho,68669,67.564148,-84.5840005
Tracy Steele,48,584 Vega Grove,Johnsonberg,South Carolina,30807,169.644382,38.6876575
Tammy Ballard,20,7164 Rodriguez Junctions,Kramerville,Montana,48860,41.998767,51.266698
Kristen Ferguson,74,4638 Garcia Way,Jeremyburgh,Oklahoma,85773,161.039633,38.9266235
Ashley Duncan,42,4712 Blake Port,North Erikaton,Maine,22720,82.508922,-51.2065435
Jesse Smith,18,19308 Conley Summit Suite 283,Shelbymouth,West Virginia,33814,-57.708296,66.956384
Jason Wagner,59,58169 Harrington Gateway,Andersontown,Wyoming,49839,115.831728,13.9711315
Bryan Clark,28,72116 Joseph Islands,Jameschester,South Dakota,46066,88.699376,29.4881465
Omar Robbins,75,82111 Franco Stream,Brandonport,Missouri,97709,-34.806536,-47.585986
Erika Lowe,43,202 Thomas Turnpike,Port Chelsea,Illinois,47805,14.591373,5.5301585
Lisa Simmons,36,135 Donald Knolls Apt. 917,Port George,Tennessee,18190,-150.239859,-36.580291
Joshua Bonilla,56,1202 Carl Green,Lake Samuel,Tennessee,32396,-141.486387,-89.335035
Jessica Garcia,35,42050 Gonzalez Bypass,Barronfort,Louisiana,74788,43.470464,79.8466595
Angie Powell,33,0754 Taylor Trafficway Suite 431,Paulafort,New Hampshire,31752,-62.437947,-66.4893915
Ashley Glover,71,907 Munoz Spring Apt. 943,South Matthew,New Mexico,93529,-55.728232,-32.703766
Paige Chambers,53,0663 Matthew Fields,Rebeccastad,Ohio,56747,-0.379287,-32.679369
William Smith,22,3776 Parker Spring,Chavezside,Oregon,70173,105.835002,-72.047668
Donna Manning,51,4913 Miller Plains Apt. 666,Lake Patricia,Indiana,15363,-65.831826,68.190065
Amanda Garner,64,66461 Mike Groves,East Claire,Nevada,91617,45.738355,22.548894
Michelle Scott,78,57745 Huang Grove,Barbaraburgh,Tennessee,53493,171.413747,-62.740252
Justin Wilson,56,56817 Molina Ramp,Larsonchester,New Hampshire,33333,89.771721,87.096771
Kayla Gates,78,0495 Lamb Branch,Ashleystad,South Carolina,79106,-143.117998,42.602825
David Gomez,30,81857 Payne Shoals Apt. 485,Port Brandonfurt,Missouri,84502,-151.010239,-57.149892
Christina Moss,60,8271 Andrea Rue,South Jason,Maine,55290,98.111549,54.1739275
Diana White,70,3374 Wayne Plaza Apt. 705,West Christopher,Alaska,61727,-0.258489,60.820397
Samantha Calhoun,35,054 Horne Causeway Apt. 104,Hamptonton,Vermont,57653,153.352394,-64.779744
Karen Cox,54,519 Sellers Summit,Aguirremouth,Tennessee,63301,-59.102461,43.711485
Donna Guzman,18,1339 Samantha Skyway,East Juanview,Montana,81242,-128.102705,-75.866788
Jennifer Garcia,66,74427 Stephanie Lake Suite 663,Josephhaven,Georgia,23831,34.352908,20.074564
Susan Vargas,26,63523 Michael Way Apt. 727,South Adrienne,New Jersey,45282,110.204170,-34.751389
Anita Barnes,23,54452 Sarah Rapid,Jenniferchester,Washington,54765,27.513602,-34.480818
Megan Garcia,78,116 Keith Lock,North Nicole,New Jersey,14897,177.801308,-82.7034265
Susan Smith,78,778 Russell Lakes Apt. 408,Justinmouth,Iowa,88163,-143.830081,45.154377
Tyler Smith,19,786 Young Canyon Apt. 640,West Jamesport,Florida,42097,177.809100,-60.612053
Frederick Guzman,31,1334 Ortiz Summit Suite 332,East Steven,Tennessee,90671,35.577007,-89.714473
Donna Williams,28,432 Fox Summit Apt. 491,Petersonland,Iowa,23495,139.067694,18.812909
Christopher Cole PhD,57,500 Baker Radial,West Natalie,Virginia,34932,-154.501840,72.2634615
Cynthia Davis,69,61882 Scott Avenue Apt. 861,Dianamouth,Connecticut,36978,136.997097,59.8910105
Nicholas Beck,43,0733 Flores Way,Christyborough,New York,69256,176.537910,22.469377
Jeffrey Cochran,22,96710 Dominique Squares,Perezberg,Massachusetts,32409,137.036895,16.8605485
Brittany Bender,76,30912 Rodriguez Radial Suite 901,Lake Stacey,Washington,78192,144.616013,-49.624127
Michelle Armstrong,39,899 Taylor Hills,Morenotown,Idaho,30339,131.587387,-8.3291895
James Wade,75,782 Louis Run Suite 486,Port Ericaville,Illinois,71853,103.437781,36.2075955
Deborah Williams,52,945 Diaz Center,New Kimberly,Pennsylvania,80049,-43.026902,43.080229
Lee Dennis,64,857 Mccarthy Avenue,New Whitney,Arizona,24232,-62.305125,68.760333
Erika Wilson,60,427 Jessica Wells Suite 776,Jamesside,Wyoming,11387,68.860072,75.895353
Gregory Gross,75,2201 Susan Causeway,Port Emilyfort,Michigan,92773,-29.563128,31.868492
Brandon Hartman,41,0659 Foster Light,West David,Maryland,46209,75.329028,-77.9760645
Katherine Baxter,57,569 Jamie Springs Suite 309,Trevinoport,Florida,97354,64.636279,38.6839525
Elizabeth Craig DDS,43,940 Richardson Wall Suite 308,Port Bobburgh,New Hampshire,94329,-50.303839,-5.8326885
Natasha Edwards,65,160 Kirsten Curve,East Phillipport,Oklahoma,87581,-135.507362,-51.767431
Angela Bartlett,45,78291 Steven Fort,Nguyenton,Florida,98166,-33.484570,86.4574995
Jamie Mitchell,52,550 David Points,Hunterburgh,Iowa,06660,100.899594,66.799216
John Ramos,56,111 Luna Viaduct Apt. 410,South Craig,California,08242,36.788923,22.407303
Anna Moore,22,565 Watts Trace Suite 693,New Kristy,Tennessee,67829,125.712057,-60.7801895
Amanda Munoz,80,129 Gallegos Plain Apt. 727,New Alantown,Utah,71594,102.008771,-66.102014
Christopher Schultz,27,167 Frank Gateway,Murphyburgh,Mississippi,89418,-104.683601,42.718761
Alicia Hunt,38,167 Moore Track Apt. 298,Port Williamton,South Carolina,50491,131.378738,13.4267945
Allen Griffin,72,329 Robin Underpass,Kathleenshire,Rhode Island,41087,135.776129,-23.7433055
Valerie Shaw,64,8908 Christian Skyway Suite 084,West Lucasview,Michigan,13422,-30.669175,-15.034226
Lisa Wright,28,495 Lisa Mount,Gomezside,North Carolina,12840,151.937095,73.587135
Susan Harris,28,6329 Fowler Lane,Kathrynview,Indiana,62296,85.926031,52.4209865
Meredith Martin,31,426 Wright Mountain Apt. 464,East Valerieton,Tennessee,15824,-83.051664,-58.1401035
Dustin Merritt,61,512 Patricia Spring,New Kelseyfort,Kentucky,84202,-23.092783,84.757260
Tina Garcia,45,8319 Thompson Corners,West Jillton,Colorado,48896,-73.011453,-52.9423725
Timothy Davis,24,373 Thomas Parks Apt. 077,South Lisa,Florida,54606,-39.143648,-55.186836
Terry Lopez,36,1539 Glenn Drive,East Sherry,Missouri,50942,-21.210500,-27.355626
Brett Ali,35,806 Ricky Square Apt. 133,West Eric,Michigan,20348,162.278266,47.313978
Dr. Thomas Henry,72,855 Christie Cape,Port Jason,Missouri,33690,-100.678582,30.0612475
Melissa Carroll,39,0274 Holmes Court,Josephfurt,Utah,36719,134.038801,-87.2822845
Richard Mccann,45,990 Daniel Fort Apt. 862,New Laurenland,West Virginia,96884,-41.803222,38.244304
Alexander Jones,36,3696 Bautista Shore Apt. 326,Ramosshire,New Hampshire,04001,-170.713330,-7.5781225
William Calhoun,74,505 Lisa Ramp,Scottborough,Kentucky,81198,45.139237,37.973686
Elizabeth Holland,35,1443 Jennifer Overpass Suite 314,Lake Tinaton,Arizona,64337,-157.766572,25.127817
Kenneth Lynch,80,10853 Philip Lights Apt. 716,West Robin,Washington,08548,-51.538729,7.7218665
Nathan Watson,22,82762 Allison Brooks Apt. 811,Jeffreyland,Illinois,88091,175.860924,-52.2846345
Jonathan Thomas,42,223 Luis Brook Apt. 824,East Stevenville,Iowa,91966,104.353320,-29.1061855
Austin Gilmore,78,8645 Lori Squares Suite 358,South Cynthia,Colorado,72441,89.826254,27.4559875
Crystal Bruce,34,70163 Vanessa Pike,Gallowaybury,Maryland,72129,117.689725,36.1007005
Danielle Chavez,34,563 Thomas Courts Apt. 590,East Carrie,Colorado,32096,-140.239953,11.420558
Robin Moore,55,34580 Clark Tunnel Apt. 001,West Charles,Arkansas,31886,-79.896627,87.1442615
David Bowers,66,57831 Smith Mountains Apt. 343,South Ianland,California,28326,95.207207,-84.370034
Allen Ferguson,54,64103 Miller Key,New Tylerton,Kentucky,10491,-67.844729,32.5906205
Craig Rodriguez,51,58857 Perez Union,Garyburgh,Montana,13640,-157.303972,-85.643876
Jason Fields,52,745 Ramirez Row,East Jameschester,Pennsylvania,61271,-103.029257,29.3367025
Amanda Johnson,26,05825 Olivia Vista,New Stevenport,South Carolina,80014,-47.836512,12.3448155
Heather Torres,61,0723 Donald Turnpike Suite 979,West Jose,Alaska,14363,136.896922,-59.4472305
Jason Hutchinson,56,438 Angela Springs Apt. 908,Lake Donnaport,Alabama,36173,116.113411,38.927088
Xavier Quinn,49,3061 Ronald Lodge Suite 345,Mcclainmouth,Wyoming,79335,-137.216522,28.768111
Yvette Lee,71,5605 Steven Circles,New Kimberly,Utah,85108,68.377047,63.275098
Patrick Harris,73,15786 Powell Tunnel Apt. 448,Stevenfort,Delaware,27847,-111.616711,-46.3533345
Mary Anthony,69,2498 Day Plaza Apt. 902,Lake Ninaberg,New York,49121,51.205982,78.672458
Christine Edwards,59,0251 Zimmerman Points,Markhaven,Texas,45212,-105.414428,9.679376
Rachel Lang,79,4838 Michael Burgs,Georgeside,Alaska,04919,-116.846533,57.205478
Alex Hernandez,39,44742 Melvin Overpass Apt. 032,Stephanietown,California,47079,-179.911824,9.120836
Danielle Snyder,51,095 Rebecca Falls,North Lisashire,Connecticut,13127,-20.319215,55.2672235
Brian Rowe,36,12592 Medina Inlet,New Douglaschester,Michigan,18807,-38.568552,3.617205
Kayla Yu,36,8251 Heather Plains,Trevormouth,Oregon,91985,27.799140,-75.0061175
Leroy Wilson,32,84884 Hebert Motorway Apt. 308,Lake Amy,Massachusetts,07473,18.097500,57.1097615
Amanda Morales,34,5607 Ronnie Common Suite 850,Turnerview,South Dakota,19160,131.141561,38.303591
Deborah Williams,24,078 David Burgs Apt. 764,New Diana,Arkansas,97610,-76.440190,71.357399
Jeffrey Small,44,638 Petersen Mountains,Christopherchester,Delaware,45338,91.688778,19.5904435
Jody Francis,44,15362 Walsh Square,Lake Peter,Kentucky,33572,-174.026147,80.333707
Theresa Bass DDS,56,058 Hood Trace Suite 889,South Jon,Florida,84158,-98.312988,-12.9738405
Sarah Richardson,30,9635 Powell Shores,Derektown,Kentucky,85320,62.363101,9.0722535
Rachel Sparks,37,61670 Riley Ridge,Benjaminshire,South Carolina,74864,46.015383,-24.964678
Joel Hall,18,7529 Nicholas Ford,South Kaylashire,Wyoming,80247,-129.683510,57.575009
Kevin Watson,27,4141 Smith Mountains,New Danielton,South Dakota,35386,-59.158370,36.8214715
Barbara Todd,55,549 Jessica Hills Apt. 331,Williamstown,North Carolina,50151,99.867383,-51.9531745
Barbara Peters,79,1217 Miller Port,East Gabrielaberg,New York,82404,-136.401608,15.446098
Zachary Alvarado,51,538 Emily Ferry Suite 288,West Timothy,Rhode Island,80558,90.511593,59.1561085
Matthew Rojas,77,1969 Shaw Islands Suite 162,West Mariah,Virginia,31640,116.460546,-80.925089
Cynthia Austin,71,419 Sheila Forge,Dawsonville,Missouri,19902,21.853722,51.339456
Patrick Curry,47,5561 Fitzpatrick Expressway Apt. 285,Leebury,New Hampshire,05983,-88.209848,-27.643235
Jasmine Velazquez,38,76835 Nina Row,Port John,Ohio,07360,87.941911,-51.1281685
Kristin Williams,66,4195 Schwartz Parkways Apt. 892,Cabreraburgh,Georgia,67552,171.151431,55.254084
Mark Mcgee,56,3138 Scott Land Suite 185,North Margaretfort,Vermont,02526,124.124074,36.6768665
Steven Andrade,53,42356 Phillips Place,South Ianhaven,California,44723,25.770954,-6.2802675
John Mitchell,41,74508 Goodwin Bridge Apt. 032,Scotthaven,Virginia,99865,82.433088,35.5571525
Michael Crane,47,0510 Hayden Rue,North David,Florida,10371,-85.649779,-39.104865
Patrick Summers,39,4215 White Rapid Apt. 340,Lake Anthony,Hawaii,19019,-38.524110,-34.2465975
Kevin Holmes,70,19416 Mann Path,Kochchester,Iowa,28847,-11.103717,-81.2978605
Stephen Moran,28,93145 Gillespie Rest,East Jennifer,Iowa,91740,156.466176,1.906072
David Castillo,43,47656 William Extensions Suite 399,East Elizabeth,Wisconsin,81083,-123.741712,-2.0481735
Monica Perkins,23,7807 Kirk Divide,Lake Megan,New York,80236,-48.650256,-38.842334
Michael Schwartz,20,7481 Rachel Island Apt. 970,North Samuel,Michigan,68443,-66.333185,9.1621895
Rhonda Estrada,41,44104 Brown Tunnel Apt. 734,Berrymouth,North Dakota,60329,-62.290277,-53.741129
Danielle Zimmerman,64,61366 Guerra Mountains,West Cameron,New Mexico,17104,-169.038290,21.0679735
Ann Fitzgerald,34,920 Miranda Branch,Barnesfurt,Nebraska,22520,-80.280864,-79.2592145
Jason Cruz,26,649 Desiree Harbor Apt. 405,Russoborough,Maryland,46618,22.216316,49.9923225
Christine Obrien,21,4001 Jacqueline Islands Apt. 300,West Julie,Montana,30722,171.507011,39.946463
Nancy Powers,47,8010 Veronica Alley,Martinezport,Pennsylvania,02786,-21.522815,19.9225355
Susan Cox,27,183 Gregory Pike,Josephland,Utah,75793,164.015176,-88.275380
Jennifer Swanson,77,9908 Matthew Streets,Port Frank,Nevada,80959,-96.441147,57.639695
Javier Collins,64,932 Benson Crossing,Richardsonburgh,Montana,08133,34.958288,54.931005
Lori Snyder,40,80964 Palmer Skyway Apt. 513,West Michelle,Montana,58482,47.297922,52.0841245
Tanya Crosby,25,374 Turner Meadow,Changfort,Idaho,71525,10.525537,41.9132215
Michael Robinson,79,78975 William Ports Apt. 027,Kellyfurt,California,60695,-136.240782,-22.3073245
Kevin Gibbs,31,32862 Torres Forges Suite 295,Johnton,Wyoming,50236,1.765556,64.176607
Angela Berry,46,1213 Bradley Isle,New John,South Carolina,50602,169.223429,-5.2707395
Nancy Cook,31,51785 Hobbs Landing Suite 974,North Michaelbury,Hawaii,00710,56.306152,-40.3831785
Kenneth Dorsey,58,203 Matthew Ways Apt. 058,Lake Andrew,Texas,44106,158.264567,86.3352625
Sandra Benson,44,020 Kevin Via Suite 758,New Christopher,Vermont,13520,169.788422,30.3588905
James Dawson,52,782 Matthew Common,Moorechester,Minnesota,63465,34.121485,34.0893575
Marie Richardson,56,924 Orr Trace Suite 394,East Mike,Kentucky,97369,95.263037,-75.125853
Edward Sandoval,67,335 Becker Estate Suite 106,Blackwellmouth,New Mexico,60504,47.843262,19.2871925
Charles Diaz PhD,34,0154 Chad Isle,Jasonchester,Idaho,35126,-90.427787,-0.135751
Adrian May,74,192 Williams Estates,Scottshire,Florida,22978,-31.387381,-29.0745305
Olivia Zimmerman,65,727 Debbie Alley Suite 718,Floresside,Wyoming,61951,-106.898578,-27.6504035
Sheryl Perez,37,682 Kevin Mill,Melissaburgh,Kentucky,72018,-26.201672,-3.968004
James Miller,77,500 Blake Valley,Catherineside,Maryland,49046,-176.286968,-34.721797
Denise Smith,57,27253 Holmes Ramp Apt. 482,Campbellstad,Alabama,49459,62.162776,-72.205718
Steven Bush,73,8834 Barnes Rest Apt. 192,Herrerahaven,New Jersey,79394,91.495516,-3.1273425
Chad Garza,61,40184 Davis Crossing,East Carrie,Georgia,90164,-77.953938,16.8439855
Cheryl Barnes,64,04957 Lewis Loop Suite 665,Port Megan,Connecticut,63291,71.740960,-73.6516325
Chelsey Stevens,50,33220 Long Via Apt. 832,West Heather,Tennessee,24753,-41.578433,-27.960026
Michael Garcia,67,2420 John Harbor,Sonyachester,New York,97164,-84.092131,-57.426145
Jason Davis,42,588 Hannah Trail Suite 906,Houstonchester,Nebraska,02448,81.205179,44.4860735
Christina Hodges,38,5529 David Highway,Tamaraberg,Arkansas,72370,-31.642939,-16.2479825
Adrian Gross,27,71399 Rodriguez Common,Vaughnburgh,New Jersey,09458,-13.486536,73.400017
Morgan Gibson,62,695 Rivera Points Apt. 880,Lake Brenda,Minnesota,29176,-116.009578,79.9746005
Angela Alexander,34,7174 Smith Court Suite 112,New Scottmouth,New Hampshire,11895,133.938825,-46.8458465
Brittany Scott,77,515 Robertson Haven Suite 264,Lake Robertshire,Alaska,02588,95.661591,27.4319155
George Hays,60,0103 Mahoney Bridge Suite 467,Wandamouth,Delaware,77373,30.458795,12.845495
Jimmy May,21,5436 Burgess Plains Apt. 481,West John,Alabama,82204,-36.872479,42.7315725
Natalie Kaufman,50,305 Robert Plaza,Ginastad,Maryland,58384,102.025194,-68.847125
Kelly Todd,80,658 Sanchez Centers,West Eugenebury,Virginia,01497,137.456298,-45.572476
Krystal Martinez,60,0353 Pamela Vista Suite 340,West Roberto,Arizona,82930,29.826088,-41.988007
Bruce Torres,38,29637 Zavala Junctions,Johnsonborough,Washington,63527,82.564076,79.960006
Jamie Golden,73,789 Kyle Shores Apt. 024,New David,Minnesota,07241,165.324238,-67.2395465
Connie Lewis,22,84698 Duncan Mission,Ryanmouth,Nevada,71813,-32.656638,6.545025
Ian Rodriguez,59,6095 Amber Course,Terryburgh,Montana,72517,103.772354,71.6129585
Charles Dean,79,7959 Lee Park Suite 121,South Pattyshire,Virginia,27669,-62.262635,41.309094
Steven Savage,42,3950 Gates Hill Apt. 204,North Peter,Illinois,77493,41.370711,-6.022359
William Johnson,50,73606 Edwards Green,Lake Jenniferfurt,Iowa,37381,-7.184452,79.739404
Evelyn Phillips DVM,18,631 Hall Plains,Danielfurt,Illinois,90357,165.387452,63.878618
Jennifer Williams,79,62895 Willie Coves Suite 035,South Meredith,South Dakota,48142,-24.218443,3.130104
Cesar Kirby,34,99158 Evan Place,East Mariemouth,Michigan,59501,-83.572768,-51.651280
Danielle Avery,47,908 Martin Skyway,North Theresaton,New Jersey,48411,118.127305,8.2538155
Cory Francis,67,379 Brown Brook Suite 476,East Melissaville,Idaho,95380,-39.187988,-61.5654955
Linda Tran,62,543 Perez Squares Apt. 666,Port Madisonland,North Carolina,18939,-136.408871,-12.5794805
Jasmine Foster,44,73042 John Turnpike,Smithmouth,Delaware,40153,98.559086,-86.119170
Stephen Morgan,66,23728 Katie Course,Watsonbury,Nebraska,79210,-157.839783,-46.648719
Leslie Jones,77,6766 Cabrera Trafficway,Markland,Louisiana,27687,48.494507,42.883610
Shane Johnson,18,0682 Adam Camp,New Julie,South Dakota,08507,-54.786790,-20.4485815
Michael Jordan,63,118 Kelly Vista,Kaitlynborough,Vermont,55306,173.287615,59.529348
Allison Hunter,32,051 Manuel Island,Stevenport,Montana,34369,-165.170211,-37.031597
David Acosta,37,26759 Johnson Avenue,Port Jennifertown,Maryland,10429,128.500803,60.3035335
Heather Butler MD,52,0368 Yoder Viaduct,Taylorland,Vermont,72482,-104.857868,78.002778
Dustin Garza,30,5351 Jennifer Mall Apt. 140,Dianabury,Tennessee,13888,-40.644655,77.4428855
Connie Payne,29,91687 Barber Parkways,Pittmanfort,Vermont,73550,-37.652259,-48.8659395
Neil Hill,19,470 Michelle Lodge,New Kimberlyberg,Missouri,06049,-73.410486,-43.9655365
John Carter,18,5829 Melinda Spurs,West Brandon,New Mexico,93624,105.677295,74.6360205
Linda Burgess,30,119 Ramos Village Suite 228,South Marcus,North Dakota,89922,9.045520,-77.0198445
James Woods,80,7250 Sara Junctions Apt. 704,South Anthonyside,Massachusetts,71931,158.456574,-76.327886
Michael Smith,57,921 Sexton Plaza Apt. 305,West Brucemouth,Kentucky,46807,-82.330933,-12.360656
Stephen Johnson,47,9236 Potter Green Suite 971,Cobbmouth,Maryland,92731,-160.680790,-35.757956
Carol Mitchell,48,51393 Ethan Parkways Suite 015,Brianmouth,Idaho,50179,-43.030626,-54.255965
Denise Zavala,80,7295 Julie Haven,West Barbara,Massachusetts,21989,-34.266563,52.8837055
Shannon Gomez,76,40708 Davis Burg Suite 072,Romanside,Nevada,10979,-121.980502,67.2414305
Rodney Dyer,37,93559 Jimenez Trail,Michaelbury,Missouri,78328,-73.433979,-2.657113
Eric Ortega,64,3675 Collier Brook,South Mackenzie,Massachusetts,96097,-87.963017,67.902907
Dawn Andrews,77,13851 Tran Passage,North Miaton,South Dakota,38418,62.580251,-74.351361
Kim Gibson,48,18943 Brian Walk Suite 714,North Kennethhaven,Louisiana,12397,41.010250,-25.8832205
Alexa Bauer,60,5535 Cline Island Apt. 694,Lake Paulstad,Missouri,78106,56.313134,85.735251
Gloria Scott,80,08306 Nicole Shoal,Lindaborough,Wyoming,08667,-12.367530,25.827253
Paul Guzman,33,890 Jesse Ranch Suite 390,New Ravenmouth,Wisconsin,75283,115.480437,-26.443657
Emily Miller,19,854 Julie Highway Apt. 157,North Anthonytown,Utah,83380,-139.751808,-80.3270015
Manuel Mendez,73,16552 Gomez Landing,Meganport,Michigan,52250,-35.267078,62.2483515
Deborah Murray,51,14808 Murphy Fords Suite 066,New Mariaton,Oklahoma,53231,61.657798,76.2921635
Robert Gordon,31,4872 Stephanie Turnpike,West Tammymouth,Virginia,83542,99.771773,66.445313
Courtney Murray,49,90050 Justin Bridge,East Margaretton,Indiana,76171,15.210146,-54.2157445
Alison Mccall,29,56569 Jonathan Mills Suite 537,Lauraside,Alabama,06358,75.815336,75.322358
Angela Eaton,46,8664 Michelle Inlet,Gallegosberg,Nevada,72340,1.161943,-14.2510325
Eric Green,34,71822 Anthony Villages,Wadeburgh,Indiana,75878,-125.149108,-89.8418895
Tiffany French,53,4688 Alexander Station Suite 211,East Robertburgh,New York,27953,142.423694,20.957194
Jesse Munoz,45,56197 Nathan Plaza,South Angela,Oklahoma,21355,-131.892964,-15.459200
Jessica Chavez,46,049 Fernandez Valley,New Laurenton,Idaho,04578,-159.475283,86.0189655
Sierra Cruz,25,269 Ellis Turnpike,Millerbury,Montana,58147,6.966920,37.062406
Bobby Matthews,57,648 Hood Underpass Apt. 762,East Michelle,Pennsylvania,88560,87.913939,4.4879205
Elizabeth Barrera MD,40,80293 Danielle Summit Apt. 969,West Zoe,South Dakota,63159,160.932615,-73.4945855
John Chang,25,333 Rhonda Stravenue,Denisetown,Louisiana,42077,117.039434,7.728569
Melissa Brown,50,7023 Miller Hill Apt. 557,Lake Rebeccashire,Tennessee,86109,104.826071,11.941340
Matthew Allen,61,1745 Greene Crescent Apt. 730,Pattonmouth,Georgia,73723,80.551425,20.1710435
Tina Chambers,55,53899 Marisa Corners Suite 060,Sheltonfurt,Vermont,36826,-88.889086,42.038754
Laura Norman,35,3722 Carol Mountains,South Juliefurt,Vermont,76576,-128.073140,-10.275031
Jonathan Bryant,34,545 Brown Courts Apt. 450,Josephstad,Ohio,74966,22.812403,-47.266399
Adrian Brown,49,945 Armstrong Corners,Moralesburgh,Washington,81951,-66.002502,-41.3784655
John Jackson,75,0749 Stephanie Skyway Apt. 725,South Michaelhaven,Maine,52340,-96.254646,-41.9951685
Justin Saunders,58,5282 Butler Burg Suite 604,Christinatown,Idaho,89837,129.395107,36.0318645
Alexander White,28,6203 Rebecca Skyway Suite 112,Sarahside,Tennessee,28180,156.559986,34.789349
Megan Liu,38,240 Rhonda Locks,South Tracey,Arkansas,40135,-126.841143,65.3497575
Sheila Salazar,74,89492 Danielle Rapids Apt. 206,Gutierrezview,Ohio,30954,-56.680901,70.217395
Gerald Barber,26,555 Jessica Forge Apt. 007,Shelleyton,West Virginia,56662,-81.286794,33.307139
Tony Warner,63,3418 Fisher Route Suite 698,Danielshire,Utah,72582,-0.965985,-35.3080575
Claudia Anderson,35,1464 Jeffrey Rest Apt. 106,New Josephbury,Pennsylvania,80909,171.515385,72.6898075
Mr. Cory Palmer,56,724 Russell Courts,Barrettside,Mississippi,70860,-2.465962,18.2884725
Mrs. Briana Dalton MD,48,9481 Cynthia Ramp Apt. 337,North Christopher,Hawaii,01650,-25.700093,-41.1473915
Margaret Thomas,18,87838 Jean Garden Suite 067,Contrerasside,Maine,59744,77.460352,4.5842965
Richard Gonzalez,37,8933 Arias Mills Suite 872,Stevenbury,Maine,59204,130.637063,-29.552392
Hannah Nicholson,74,92458 Andrew Spurs,Claytonmouth,Arkansas,39859,40.863277,-47.118792
Pedro Perez,34,6113 Joseph Drives Suite 581,Brianchester,Alabama,45974,137.626987,26.0897345
Gregory Shields,64,49510 Kaitlyn Falls Apt. 425,Port Ellenfort,Mississippi,89663,91.846714,33.5595515
Pamela Newman,27,0264 Troy Wells,Lake Anne,Iowa,27022,9.417786,-54.0157455
Gail Clark,33,31826 Bryan Road,Edwardtown,Louisiana,81794,79.362995,-29.5710295
Samantha Bright,67,2831 Mendez Shoals,Lake Tracy,New Jersey,58293,164.749311,42.4720965
Joseph Rich,73,4415 Robin Parkways,South Nathan,Louisiana,63033,110.657507,86.7085305
Megan House,32,2356 Adrienne Greens,Brittanytown,Hawaii,48709,56.738042,7.477616
Allen Jefferson,40,20454 Cohen Rue,Dennisbury,Virginia,82228,-8.492583,-24.7715485
Peter Sandoval,29,02347 Sarah Park Suite 207,West Pattyborough,Maine,62278,-161.881168,53.398397
Daniel Garza,38,866 Dickson Inlet Apt. 620,Josephton,Virginia,39663,19.469760,26.3216305
Christopher Taylor,60,125 Duran Trail,North Stacy,North Dakota,30349,-77.107747,8.319453
Jacob Evans,27,2943 Macdonald Lights Apt. 293,Edwardland,Kentucky,22205,71.744440,-58.5467585
Christopher Terrell,40,15117 Michael Spurs,Cunninghamview,Michigan,24928,96.093472,33.2638185
Jennifer Brewer,18,9925 Jamie Isle Apt. 657,East Kathleen,Michigan,96143,117.715996,17.4043975
Tiffany Garcia,40,2451 Kelsey Point,South Brittanyberg,Massachusetts,23100,75.155026,-2.4589195
April Chandler,44,8677 Cobb Ports Suite 648,Lake Erica,West Virginia,39972,-75.786487,6.9545565
Brian Jennings,66,710 Harris Neck,Barbarachester,Arkansas,59847,-49.375617,20.878031
Jessica Brown,56,00094 Sutton Vista,Porterport,Delaware,09965,114.483900,3.913364
Jessica Valdez,58,3475 William Courts Suite 573,West Alyssa,Illinois,83804,-12.036805,-27.6575465
Marc Ramirez,69,98109 Terri Freeway Apt. 679,Alecborough,Oregon,21765,41.015066,16.7351785
Hannah Smith,76,711 Foster Green Apt. 836,West Larry,Utah,25097,113.558348,-86.225225
Linda Summers,36,87040 Kristi Streets Apt. 996,Millerport,Washington,09319,153.145586,-87.8690655
Destiny Parsons,48,06321 Payne Tunnel Suite 654,Smithchester,Maine,70706,-80.217255,20.9278675
Nicole Elliott,30,348 Wright Fords,New Shaunview,North Carolina,70580,174.200214,8.1541375
Susan Dalton,29,54861 Mcdaniel Mountain Apt. 033,West Johnchester,Idaho,61588,-154.739237,-36.261661
Tracey Smith,60,1580 King Hills Apt. 763,West John,Georgia,89749,-55.682507,20.6938335
Amanda Miller,76,45653 Diana Coves,New Jamesborough,Oklahoma,17412,149.834340,-2.2086955
Christopher Thompson,63,5887 Amber Fort,Brownville,Maine,78995,-146.935799,86.114256
Amanda Wallace,50,80497 Jerry Square Apt. 584,Herrerachester,Nebraska,87919,105.175489,-85.400896
Andrew Morgan,54,0721 Marks Green,West Tamarabury,North Carolina,03156,173.172276,73.1242945
Andrew Franklin,51,8749 George Mount Suite 092,North Jasonmouth,New Mexico,85860,92.820107,-7.763702
Marie Dixon,49,49159 Smith Trail,New Jonathan,Florida,76033,-35.250550,86.6940325
David Johnson,22,9842 Burns Fork Apt. 317,East Thomasland,Vermont,98554,-58.937335,61.1782495
Paige Quinn,36,48729 Doyle Parkway,Lake Matthew,Alabama,24992,175.320688,39.7741725
Tara Lopez,54,4355 Diaz Stream Apt. 518,Port Meghan,Mississippi,69625,-168.167642,-27.814424
Joseph Garcia,66,5647 Craig Plains,East Cindychester,South Carolina,31513,171.863401,-1.304959
Sheila Flowers,31,68758 Christian Stravenue,Lake Brittneyfurt,Missouri,36472,-115.986542,-45.880076
Randall Mccarty,36,56188 Paula Walks Suite 519,Lake Brandonberg,Tennessee,56636,-162.583214,-58.384280
Amy Curtis,47,1115 Matthew Station Suite 480,East Jaredfort,Maryland,67211,172.741032,-72.822146
Thomas Porter,20,63082 Short Dale,West Randy,Idaho,45139,153.461730,89.5828815
Bradley Johnson,58,79719 Michael Cliffs Apt. 577,New Jacqueline,Utah,57085,104.356169,38.344662
Frank Best,60,070 Teresa Key Suite 714,Riveraville,Pennsylvania,51484,119.029570,65.199986
Kathy Weiss,59,2551 Danielle Springs Suite 930,East Cesar,New Hampshire,28527,-78.032911,-29.9012905
Robin Coleman,18,9416 Kurt Forges,Hartmantown,Pennsylvania,65359,132.004046,54.5835335
James Graves,40,400 Smith Pass,Brendabury,West Virginia,96090,-3.882103,-22.2454505
Janet Butler,46,22822 Cristina Shoals Apt. 968,South Tylershire,Arizona,01766,-110.621216,-46.089977
Mark Gilmore,37,9740 Sherri Course,Schultzburgh,Florida,51853,95.330241,-20.725998
Lacey Bell,66,416 Rivas Park Apt. 671,South Keithtown,Virginia,60236,-43.800910,-42.9043315
Robert Evans,50,3234 Dunn Point,North Derekville,Michigan,63159,37.187057,-31.9920575
Regina Moyer,19,95327 Lisa Grove Suite 740,Moralesside,Oklahoma,98717,6.863349,-9.016559
Mark Martinez,53,82080 Marissa Mission,New Misty,North Dakota,04434,22.473401,-47.129104
Amanda Brown,20,48456 Hubbard Meadows,Janicefort,Hawaii,50885,14.682759,-74.8215295
Misty Alexander,74,3606 Wilson Stream Apt. 152,Crystalmouth,Connecticut,53071,-122.550415,81.8085035
Curtis Peterson,33,768 Pamela Streets Apt. 404,Port Jasonshire,Hawaii,23978,38.854776,0.731830
Mary Clark,58,46203 John Oval Suite 837,Port Victorburgh,Rhode Island,70076,99.839566,-8.6291095
Jackson Smith DVM,59,384 Gomez Parkways Suite 475,Washingtonton,Delaware,65755,34.616752,30.6891935
Adam Herring,44,362 Christopher Curve Suite 632,West Rickyland,Nevada,09268,-157.020256,-65.8265635
Jessica Bell,45,923 Martinez Club,Murphychester,Missouri,84758,48.927440,-89.797505
Stephanie Davis,25,7730 Francis Mission,New Ashleybury,Michigan,29498,67.930440,-82.097629
Lindsey Tucker,80,59397 Mcmahon Prairie Suite 210,Kimberlyton,Alabama,38266,-51.386204,-47.5361515
Isaac Randall,78,8269 Christopher Lodge Apt. 895,Robersonfurt,Florida,07889,59.946121,50.558603
Karen Wright,25,7680 Miles Neck Apt. 332,Hensonstad,Utah,45710,109.513083,17.748279
Debra Fischer,21,8442 Andrew Motorway Suite 892,East Michael,Washington,08385,-169.445906,65.756826
Natalie Adams,76,99766 Emily Trace Suite 442,Port Patriciachester,Nebraska,54073,134.214168,-33.3200115
Michael Navarro,31,542 Justin Crescent,Port Tommyshire,South Carolina,39468,-33.587148,86.158322
Kathryn Hill,76,769 Susan Trail Apt. 420,Lake Douglasview,Tennessee,70844,-124.616946,45.148577
Craig Blackburn,74,707 Fisher Island Suite 290,Evelynmouth,Vermont,96895,47.162525,83.5229725
Joseph Robinson,19,039 Denise Flats Apt. 902,Saraburgh,Montana,13266,-79.844163,-36.054264
Victor Richardson,24,09838 Andersen Meadow Suite 831,South Lisabury,Maine,69432,100.831023,34.631061
Kyle Clark,67,261 Scott Brooks Apt. 474,Heathermouth,New York,71566,-42.706735,66.7278955
Laura Hernandez,27,1655 Natasha Inlet Suite 054,West Danatown,Washington,80783,51.984008,-82.364154
Kendra Jones,35,36098 Antonio Burgs Suite 874,Lake Daniel,Indiana,32910,31.563036,72.659280
Benjamin Henderson,57,37027 Page Route Suite 689,Port Shelleyhaven,Florida,96749,-74.981628,36.6630455
Felicia Paul,27,00016 Taylor Mountains Apt. 416,South Peterview,Delaware,84309,115.361775,-40.5615525
Tyler Ellison,34,4614 Massey Harbors,Jenningstown,Michigan,90676,-36.994900,-54.189991
Christopher Hernandez,40,15452 Dawson Way Suite 812,New Catherine,Kansas,33804,37.553026,-41.534765
Thomas Good,59,8691 Atkins Ways Suite 986,West Michael,Mississippi,37172,-178.589038,57.672289
Kristi White,31,68643 Sheila Parks,Lake Daniel,Texas,58932,124.616345,-87.019262
Joshua Curry,69,9431 David Plaza,South Rachelmouth,Virginia,96315,-133.683677,-10.8829005
Marc Hansen,51,83009 Dean Trace,Lauramouth,Delaware,98641,-78.497870,-83.111807
Christopher Rosales,55,2077 Vincent Garden,West Scott,Colorado,34450,-73.197902,-54.682575
Joseph Carson,77,870 Jennifer Drive,Brownfort,Ohio,67904,14.217714,-48.4625625
Darrell Moran,64,3275 Robinson Valley,South Lawrenceport,Connecticut,31138,178.841304,56.990825
Emily Greer,19,2956 Tracy Village Suite 479,South Sandramouth,Georgia,13240,-119.840589,-42.994847
Christian Moore,22,236 Peck Common Apt. 804,Kaitlynborough,Iowa,43098,-94.288728,44.8583065
John Brown,47,842 April Highway Suite 889,Jacobmouth,Wyoming,48865,-93.784997,-28.8999895
Jennifer Marsh,26,11659 Matthew Ramp,South Andrew,Georgia,76697,84.641388,-17.6812885
Richard Bowers,60,727 Chavez Causeway,Deanhaven,Oklahoma,70234,-175.454889,-83.6617275
Nicholas Johnson,62,988 Black Locks Apt. 045,New Tammyville,Maine,44649,-53.318771,40.246471
Kenneth Ward,44,201 Schmidt Lodge,South Michael,Alaska,83867,-66.590635,-4.7717915
Sharon Myers,67,22653 Andrea Coves Apt. 424,Lake Jeffrey,Vermont,44120,-34.465548,-34.4921015
Jason Wood,66,4553 Allen Falls Suite 405,Penningtonhaven,Kentucky,88762,-87.622216,48.8148335
Mrs. Alyssa Brandt MD,71,2709 Charlotte Point,East Andrewberg,Kentucky,48836,53.944788,-82.9029165
Stephanie Cline,45,3341 Collins Light Suite 024,New Mark,Montana,54283,-136.146252,-37.681525
John Jones,22,1441 Garcia Drive Apt. 777,East Katrinafort,Iowa,82983,-76.479014,-9.6677275
Patrick Stevens,70,50218 Joseph Street,Maryfort,Vermont,86525,-168.520450,3.3533665
Lisa Russell,39,5871 Elizabeth Forges Apt. 961,East Christopher,Maryland,20651,68.444093,-43.818812
Carrie Martin,73,14586 Stephens Mill,Simpsonburgh,Massachusetts,92820,54.339329,-74.5553085
Nicole Dean,59,62702 Jay Centers,New Gary,Iowa,52809,-88.260220,27.9731455
Alison Green,72,25465 Amanda Heights Apt. 045,New Anthonyton,Montana,82990,-126.844350,-30.899068
Barbara Stevens,53,121 Martin Streets,New Jeffreymouth,Vermont,01849,72.598809,-19.187910
Joseph Reese,32,72212 Joseph Roads Suite 154,Port Anthony,Florida,09839,-72.638840,-81.099547
Jason Chapman,33,7512 Emily Falls Suite 424,Chelseyport,New Mexico,66077,96.620165,13.4961895
Janice Lane,63,6095 Hardy Row,South Stephenton,New Hampshire,43651,-155.816732,-4.528578
Leah English,43,697 Grimes Fields Suite 531,South Michelle,Missouri,77775,-100.483382,25.5553715
Jennifer Martin,46,0484 Ward Summit,Jennifermouth,Wisconsin,24739,126.934000,3.2225035
Stephanie Martinez,53,415 Danielle Center Apt. 423,South Michaelport,Virginia,84303,-54.122476,56.334149
Jessica Nguyen,73,0637 Chris Bridge,Joycetown,North Carolina,15806,102.057282,85.701289
Rachael Ortiz,35,81201 Mary Garden,Wattsmouth,Nevada,12238,-44.950026,-88.0003425
Patricia Blevins,42,835 Jessica Wall Suite 127,Port Cynthia,Alaska,47612,1.703062,-13.867093
Darren Gomez,19,1592 Jonathan Fort Suite 376,South Jennifer,Kentucky,90563,32.059926,38.7250465
Rebekah Mcdonald,70,910 Alexandra Crossroad Suite 912,Lake Karinamouth,Virginia,92465,-96.213378,-40.261723
Mark Hill,51,81734 Dennis River,North Philip,New York,64402,-47.779749,-68.9582455
Leslie Parrish,47,281 Horton Trace Suite 518,West Joseph,Colorado,18259,119.948546,4.0924845
Ms. Courtney Kelley,29,4898 Cervantes Estate,Martinmouth,Hawaii,53368,-144.206389,-63.0654335
James Delgado,66,214 William Isle Apt. 296,West Ericside,Vermont,82013,-76.762651,66.771949
Brendan Gray,61,937 John View Apt. 989,South Kellytown,New York,84092,-149.791997,-33.7585105
Anthony Miller,29,232 Justin Squares Apt. 849,Kellyton,Montana,42280,163.341663,-69.215819
William Thomas,20,3195 Kenneth Road,Angelafurt,Massachusetts,51780,21.488187,5.2205935
Christopher Hall,40,4342 Cole Extensions,New Laura,Kentucky,48662,110.092778,-15.541784
Colleen Garcia,67,5790 April Ranch Apt. 298,West Alisonberg,Alabama,52335,-43.439850,-52.085693
Elizabeth Collier,21,3738 Williams Mills Suite 505,Colemanhaven,Iowa,11564,16.155390,5.9645985
James Vargas,78,81783 Nichols Summit,New Tiffanybury,Florida,94712,159.259445,-33.2367135
Mark Fuentes,74,4571 Sanchez Course Apt. 618,East David,Alaska,92890,-41.558503,-67.759056
Nicole Scott,80,8389 Holly Path Apt. 082,Port Tiffanyfort,Kentucky,50528,-51.218197,85.9383325
Craig Harvey,77,612 Emily Ville Apt. 494,Port Robert,Oregon,36101,148.997745,-32.203136
Leah Jordan,63,75692 William Expressway,East Christinestad,Maryland,22936,105.179508,-56.792843
Kyle Padilla,41,044 Christopher Circles Suite 363,Simonburgh,Georgia,08434,-163.891696,-85.9470145
Emma Wright,75,588 Aaron Hollow,Lake Michaelstad,Michigan,50751,-117.169429,-26.013561
Kaylee Bennett,18,174 Christina Drive Apt. 060,Mullenville,Maine,65468,-111.193455,47.3117485
Stephanie Bennett,57,2273 Woods Motorway,Hodgeview,Oklahoma,19543,-5.355663,-6.5742825
Kristina Jenkins,61,867 Moore Grove Suite 080,North William,Oklahoma,15675,153.681148,-25.143934
Yolanda Chase,37,70238 Smith Villages,Sandratown,New Mexico,86469,160.242716,-76.3180235
John Banks,74,2162 Emily Fords,Port Tony,Indiana,92994,-118.646700,-16.0511065
Gail Odom MD,29,55752 Alexander Union Apt. 610,East Matthew,Kansas,33565,-113.912165,-48.153020
Devon Gomez,23,0491 Gabriela Pines Suite 269,Teresafurt,Nebraska,92971,-176.619153,-78.8562465
Michelle Shaw,50,240 Brown Prairie,West Ericbury,Maryland,88755,-143.279950,-62.6777105
Dennis Spencer,77,19918 Murray Fork Suite 063,South Jocelyn,North Dakota,18055,-4.745617,-83.5253595
Patricia Townsend,64,83407 Jones Stravenue Suite 606,West Amanda,South Dakota,64631,173.831465,-41.6815645
Leslie King DVM,52,4992 Katherine Passage Apt. 580,Sheltonborough,New Mexico,74590,174.254481,38.0437385
Michael Gardner,44,3370 Santiago Center Apt. 360,Elizabethstad,Alaska,66070,-83.587922,83.329108
Cynthia Wright MD,59,8293 Brandon Square Apt. 853,Smithberg,New York,92109,149.456115,30.9065695
Terry Pruitt,40,882 Randy Inlet,Gabrielburgh,Connecticut,18557,-106.685623,64.8040005
Breanna Ruiz,39,0527 Knight Springs Suite 991,Markhaven,Minnesota,05698,-20.371730,-0.139006
Nathan Combs,58,057 Lloyd Heights,Alexanderfort,Arkansas,44898,59.334769,75.345425
Paul Mckee,71,15532 Phyllis View Apt. 788,Robertview,Louisiana,35387,-13.092329,80.478150
Albert Booker,65,686 Green Pines,South Ashley,New Mexico,83671,171.637835,46.1615925
Robin Cunningham,60,590 Houston Canyon Suite 379,East Carl,Pennsylvania,36132,-145.956329,5.799605
Courtney Klein,19,505 Stanton Gardens Suite 676,South Joefort,New Hampshire,91522,165.034094,23.001464
Chelsey Duffy,78,299 Michael Circle Apt. 626,Lake Melindaland,Hawaii,02794,34.682085,-74.579364
Garrett Page,46,8782 Huerta Vista,Curtisport,Washington,47495,175.612463,27.705546
Dana Moore,42,02231 Shane Skyway Suite 671,South William,South Carolina,55777,-11.481753,70.275673
Haley Jackson,48,285 Montes Light Suite 522,Lewisberg,Illinois,61638,-146.274161,-2.180048
Angela Fleming,28,6983 Alexander Shores,Chadfort,Montana,26688,-169.344824,43.8628395
Stephanie Thompson,45,571 Ayers Skyway,Floydview,Rhode Island,04080,20.998251,46.8653855
Jaime Castaneda,38,596 Karen Vista,Kathrynton,Georgia,73307,39.019187,78.176098
Katrina Johnson,50,716 John Vista,New Kyle,Colorado,72906,-152.497592,-19.9265335
Edward Lester,64,0443 Singleton Center,North Carlos,Arizona,49214,139.168148,-19.2431465
Cynthia Woods,31,2132 Paul Gardens Apt. 212,New Nicolefurt,Wisconsin,51311,-153.467882,-74.312885
Erika Cruz,38,79673 Ruiz Loaf,Martinezborough,Nevada,69586,-51.800684,9.663377
Brian Aguirre,40,1504 Sarah Trace,West Amber,Indiana,33236,119.244358,21.384679
Elaine Vazquez,30,78334 Eric Ville,New Micheal,Nebraska,85395,-119.676842,82.9529915
Aaron Walker,65,7040 Kenneth Station Apt. 617,Port Taylor,Oklahoma,03903,9.808299,-86.1808365
Michael Smith,26,1757 Abbott Mews Suite 102,West Luis,Idaho,03861,118.993767,7.586770
Justin Simpson,31,1033 Maldonado Causeway Suite 366,Walkerfurt,Washington,99657,30.522657,-12.267823
Adrian Jones,45,90226 Jesse Union Suite 606,East Bobbyview,Minnesota,48000,174.869009,12.396069
Daniel Walsh,32,1923 Stark Canyon Apt. 110,East Debra,Arizona,27297,-131.031216,40.802195
Sean Orozco,56,039 Young Forges,Aguilarshire,Wyoming,82384,-164.495991,75.078521
Bobby Evans,61,90373 Michael Expressway,Georgeside,New Hampshire,19616,38.683310,8.640482
Michael Weber,32,563 Megan Walk Suite 900,Crawfordshire,West Virginia,39997,27.764022,34.512249
Laurie Gonzalez,64,4890 Arnold Stravenue Apt. 789,West Whitneyton,Alabama,96093,-116.403490,-13.8878865
Brooke Hanson,35,698 Simmons Roads Suite 880,Janefort,Maine,38944,-134.638756,83.7806755
Justin Rivera,19,3428 Ricky Freeway Apt. 245,Brianafurt,Connecticut,09429,-72.387655,75.136030
Susan Simon,50,09674 Barbara Fort Suite 685,Perkinsmouth,California,72246,161.339015,29.634730
Dalton Johnson,76,2994 Parker Fork Suite 071,Smithton,South Dakota,06759,-154.531275,35.4592965
Timothy Chen,42,5733 Boyd Hills Apt. 776,Deanside,West Virginia,12637,167.211764,-8.782947
Melissa Thomas,38,03779 Mitchell Estate,Lake Travisside,Washington,33897,137.306397,-6.9724305
Casey Gordon,65,710 Ronald Wells,Mariafort,Colorado,16244,57.829017,88.7100975
Danielle Poole,47,142 Rebecca Grove Suite 489,West John,South Dakota,68055,117.851748,-15.688993
Craig Little,67,164 James Gateway Apt. 766,Millerville,Wyoming,36461,-177.486441,-30.862743
Kimberly Wood,33,08903 Dougherty Flats Suite 094,North Carlaborough,Maine,98074,177.152285,-13.2133425
Tony Gates,41,55449 Brian Turnpike Suite 252,Shermanhaven,Rhode Island,15391,145.286587,-29.276580
Sherry Watson,37,07972 Schwartz Center,East Sarah,Ohio,15754,104.737319,43.124335
Jennifer Hunt,20,9414 Munoz Glens,Lake Ronald,Arizona,67726,158.429229,-77.3338295
Robin Nelson,66,57861 Connie Branch,Burnsfurt,New Hampshire,65455,27.450509,-54.984161
Bryan Randolph,77,08814 Hart Ports,East Michaelmouth,Kentucky,82623,111.037509,-55.921486
Jennifer Robinson,55,9908 Krista Center,Snyderborough,Maryland,60286,39.011776,54.3385685
Eric Cantrell,46,448 Banks Extension,Jennifershire,Kansas,03685,87.134465,42.614286
David Ramos,67,478 Torres Mall Apt. 755,Perryside,Pennsylvania,23626,85.130972,24.571399
Laura Butler,49,3781 Bauer Lakes,South Tarachester,Maryland,64786,159.589521,-18.1400165
Laura Nelson,28,4443 Curtis Inlet,North Victoria,Kansas,44786,28.311206,6.1622055
Brittany Peters,20,001 Jean Extension,North Christopherchester,Oklahoma,70441,169.164398,79.3639865
Marcus Moore,41,278 Eric Lock,Clarkchester,Vermont,83111,55.706813,35.3608545
Scott Velez,73,36466 Michael Brooks,East Veronicaland,Colorado,88420,63.919389,45.1650775
Ricky Gonzales,62,921 Miller Mills,Danielport,South Carolina,19043,25.569073,77.931808
Devin Schneider,64,2195 Arthur Oval,Stevensonberg,Minnesota,36406,-169.385053,63.5045105
Mark Foster,27,778 Danielle Trail Suite 884,Reedburgh,Utah,45151,-128.547708,-62.304486
Catherine Erickson,75,498 Brenda Lakes Apt. 480,Kyleberg,Minnesota,69803,57.004362,-85.042537
Anthony Smith,78,16893 Courtney Route,East Michelle,Idaho,80746,-69.250506,-82.550630
Debra Murray,59,67420 Wallace Station Apt. 544,Andersenfurt,Arizona,28247,-102.320094,48.139775
Michelle Hernandez,30,7060 Jacob Falls Apt. 712,South Jamesberg,Washington,55308,29.125910,-34.310258
Douglas Johnson,24,0436 Horn Viaduct,North Jeffrey,California,38976,-90.940436,-68.5128435
Courtney Russell,51,0761 Darlene Lock,West Amber,Arkansas,30566,9.130381,-37.517811
Vincent Cook,69,87787 Nicholas Stream,Williamsstad,Louisiana,70049,-28.165059,-67.1564315
Robyn Johnson,25,89189 Kenneth Mall,Lake Victorfort,Utah,51143,-105.020177,-46.9597795
Angela White,78,87969 Emily Passage,Cynthiaport,Hawaii,18903,-152.318601,51.1544515
Kayla Gomez,63,052 Whitehead Grove Suite 829,Jeremyland,Maine,50650,121.418492,47.6996455
Michelle Taylor,68,703 Beck Island Suite 732,East Krystal,Colorado,44333,92.185313,-10.070286
